region,n_cells,cwri,cwri7,baie,overlap30,pct_hot,pct_alert,pct_chronic,pct_wasp_active,csi_V_velutina,csi_V_mandarinia,csi_V_crabro,csi_V_simillima,csi_V_analis,date
강원 강릉시,1038,47.27,28.12,71.88,5.7,2.9,0.0,0.0,72.5,55.03,45.45,66.29,10.56,26.5,2026-09-24
강원 고성군,591,37.65,21.18,76.94,1.3,0.0,0.0,0.0,51.8,37.15,41.87,56.36,12.58,17.43,2026-09-24
강원 동해시,182,49.04,29.86,71.98,7.46,0.0,0.0,0.0,85.7,53.1,52.03,71.31,10.7,23.8,2026-09-24
강원 삼척시,1186,43.96,25.56,69.7,7.13,0.0,0.0,0.0,69.9,54.08,39.9,62.28,7.53,21.21,2026-09-24
강원 속초시,105,51.7,29.54,75.49,5.09,0.0,0.0,0.0,78.1,61.48,49.44,67.15,14.79,32.74,2026-09-24
강원 양구군,644,28.4,19.27,62.8,5.55,0.0,0.0,0.0,18.6,38.2,19.55,45.79,1.99,9.32,2026-09-24
강원 양양군,631,42.6,29.19,74.47,5.66,0.0,0.0,0.0,68.5,46.0,44.51,63.04,10.79,18.41,2026-09-24
강원 영월군,1134,31.82,23.09,64.67,7.2,0.0,0.0,0.0,29.5,41.82,24.02,50.92,1.9,9.59,2026-09-24
강원 원주시,870,38.5,30.84,67.0,10.73,5.3,0.0,60.6,52.1,50.47,30.55,56.3,4.25,17.85,2026-09-24
강원 인제군,1619,30.21,19.59,66.67,3.46,0.0,0.0,0.1,22.3,41.82,20.73,46.59,2.38,9.86,2026-09-24
강원 정선군,1228,26.98,18.21,63.82,4.31,0.0,0.0,0.0,9.0,34.94,19.69,45.92,1.2,6.19,2026-09-24
강원 철원군,830,37.9,23.11,68.18,4.51,0.0,0.0,0.2,58.6,50.04,29.1,53.0,6.15,22.17,2026-09-24
강원 춘천시,1113,32.84,27.13,63.58,9.52,0.0,0.0,8.1,24.3,43.52,24.27,51.28,2.48,12.38,2026-09-24
강원 태백시,304,26.58,13.68,65.46,2.62,0.0,0.0,0.0,3.6,36.5,17.59,44.11,1.13,5.62,2026-09-24
강원 평창군,1465,22.95,14.12,63.57,3.81,0.0,0.0,0.1,3.1,30.8,14.69,40.25,0.76,4.5,2026-09-24
강원 홍천군,1816,32.17,21.96,64.79,7.7,0.0,0.0,5.6,29.3,42.72,23.93,50.72,2.09,10.47,2026-09-24
강원 화천군,912,20.82,19.68,58.4,5.87,0.0,0.0,0.0,3.4,28.02,12.71,36.19,1.2,5.67,2026-09-24
강원 횡성군,998,30.01,23.04,63.32,7.37,0.0,0.0,0.3,17.8,38.6,22.36,49.65,1.61,9.77,2026-09-24
경기 가평군,842,34.6,27.53,64.27,8.88,0.0,0.0,11.3,44.5,45.27,26.26,52.68,3.21,15.85,2026-09-24
경기 고양시 덕양구,163,63.07,52.03,74.75,21.19,91.4,45.4,100.0,100.0,83.13,53.82,70.84,18.96,50.96,2026-09-24
경기 고양시 일산동구,59,57.71,54.74,73.57,22.37,100.0,52.5,100.0,100.0,76.2,47.7,65.71,16.64,49.71,2026-09-24
경기 고양시 일산서구,42,57.6,56.11,73.3,22.21,100.0,85.7,100.0,100.0,75.43,47.96,66.14,16.29,50.32,2026-09-24
경기 과천시,35,67.36,61.37,75.45,21.31,100.0,88.6,100.0,100.0,86.32,59.95,74.17,22.33,58.06,2026-09-24
경기 광명시,38,70.69,53.91,79.26,18.03,97.4,63.2,100.0,100.0,85.27,65.51,75.32,31.57,70.22,2026-09-24
경기 광주시,426,57.82,51.46,69.39,18.55,95.3,31.2,100.0,98.8,72.97,52.72,73.89,10.97,37.59,2026-09-24
경기 구리시,35,72.45,49.54,77.71,18.14,100.0,0.0,100.0,100.0,88.97,67.47,79.76,27.03,65.58,2026-09-24
경기 군포시,34,70.76,59.84,79.37,21.12,100.0,88.2,100.0,100.0,88.26,63.34,74.31,30.54,68.91,2026-09-24
경기 김포시,276,58.67,57.02,73.2,20.22,100.0,89.1,74.6,100.0,76.19,49.48,67.45,16.63,51.9,2026-09-24
경기 남양주시,459,61.47,47.81,71.76,17.65,77.6,13.9,67.5,98.9,79.52,54.28,73.42,14.96,44.86,2026-09-24
경기 동두천시,96,61.5,40.71,73.32,15.89,8.3,0.0,100.0,100.0,81.8,52.35,71.22,16.18,44.92,2026-09-24
경기 부천시,55,76.15,54.66,79.09,20.09,100.0,65.5,100.0,100.0,89.26,73.7,81.31,34.36,76.28,2026-09-24
경기 성남시 분당구,70,73.9,65.96,77.38,21.67,100.0,100.0,100.0,100.0,90.49,69.07,81.49,27.12,67.57,2026-09-24
경기 성남시 수정구,46,72.69,64.81,78.51,21.65,100.0,97.8,100.0,100.0,89.84,66.39,77.93,29.36,69.29,2026-09-24
경기 성남시 중원구,26,72.38,63.67,76.8,21.12,100.0,96.2,100.0,100.0,91.33,65.78,78.72,25.63,64.32,2026-09-24
경기 수원시 권선구,48,74.9,56.51,77.95,18.29,100.0,68.8,100.0,100.0,90.72,70.73,79.0,32.07,72.65,2026-09-24
경기 수원시 영통구,32,78.0,63.26,77.09,21.91,100.0,100.0,100.0,100.0,94.43,74.3,82.08,32.37,75.9,2026-09-24
경기 수원시 장안구,34,70.37,63.13,76.74,21.74,100.0,97.1,100.0,100.0,89.35,62.89,74.73,26.9,65.05,2026-09-24
경기 수원시 팔달구,10,74.9,57.93,78.75,18.3,100.0,100.0,100.0,100.0,91.23,69.17,75.77,35.63,78.11,2026-09-24
경기 시흥시,141,69.13,59.85,74.38,21.0,99.3,99.3,87.9,100.0,86.48,63.86,77.77,21.64,59.25,2026-09-24
경기 안산시 단원구,90,61.33,55.69,74.62,20.5,90.0,54.4,54.4,98.9,77.09,54.34,69.25,20.28,55.94,2026-09-24
경기 안산시 상록구,60,69.59,60.33,75.24,22.62,100.0,85.0,98.3,100.0,87.7,62.88,75.88,24.47,63.24,2026-09-24
경기 안성시,554,64.99,53.29,72.58,20.94,99.8,48.4,99.3,100.0,83.65,57.77,73.8,19.21,52.57,2026-09-24
경기 안양시 동안구,23,65.38,59.35,79.8,20.61,100.0,87.0,100.0,100.0,82.07,57.23,67.14,30.87,65.16,2026-09-24
경기 안양시 만안구,38,66.59,57.23,76.82,20.66,100.0,81.6,100.0,100.0,85.88,58.31,73.18,23.2,56.63,2026-09-24
경기 양주시,312,58.74,40.75,71.84,16.48,22.4,0.0,98.4,99.4,77.44,50.15,70.27,13.71,42.47,2026-09-24
경기 양평군,881,41.6,37.61,65.57,12.9,32.5,9.9,30.8,50.5,53.02,34.76,60.32,5.01,21.05,2026-09-24
경기 여주시,605,49.24,41.38,66.82,14.52,38.5,0.0,99.7,95.2,61.45,43.48,67.77,7.17,30.61,2026-09-24
경기 연천군,659,49.16,34.52,71.84,12.07,0.0,0.0,63.7,97.6,66.78,38.16,59.59,11.47,36.89,2026-09-24
경기 오산시,42,74.76,62.74,74.35,22.45,100.0,100.0,100.0,100.0,91.85,70.62,81.36,26.27,69.22,2026-09-24
경기 용인시 기흥구,82,76.34,61.75,75.25,21.6,100.0,100.0,100.0,100.0,92.87,73.68,84.27,26.41,67.35,2026-09-24
경기 용인시 수지구,41,71.88,63.15,75.93,21.34,100.0,97.6,100.0,100.0,90.7,65.75,78.7,24.62,62.59,2026-09-24
경기 용인시 처인구,467,63.87,53.33,71.23,20.08,93.8,51.2,91.6,97.2,81.5,57.75,74.83,17.15,48.57,2026-09-24
경기 의왕시,52,67.08,64.76,74.91,22.38,100.0,100.0,100.0,100.0,85.99,58.94,73.04,22.95,61.04,2026-09-24
경기 의정부시,82,63.47,47.28,73.41,18.24,98.8,0.0,97.6,100.0,83.18,55.24,73.07,17.17,48.45,2026-09-24
경기 이천시,460,60.34,47.72,69.62,17.88,88.9,0.0,100.0,100.0,76.05,55.07,74.95,12.65,43.06,2026-09-24
경기 파주시,673,47.65,44.15,69.91,16.46,62.0,1.0,97.9,85.3,63.48,38.12,59.97,9.78,34.24,2026-09-24
경기 평택시,484,74.31,60.19,75.43,19.02,100.0,99.8,85.5,100.0,90.16,70.52,79.27,29.07,72.3,2026-09-24
경기 포천시,829,49.93,32.03,68.46,10.64,0.0,0.0,34.3,81.1,65.22,41.89,64.19,9.72,32.76,2026-09-24
경기 하남시,98,70.21,56.97,73.41,20.78,100.0,80.6,100.0,100.0,87.31,65.51,79.38,21.6,60.0,2026-09-24
경기 화성시,682,69.08,60.4,74.79,20.91,97.1,82.6,67.0,100.0,85.24,63.57,75.65,24.71,65.72,2026-09-24
경남 거제시,416,72.14,43.86,78.02,15.54,61.5,23.3,0.0,100.0,84.51,70.99,80.07,29.65,65.57,2026-09-24
경남 거창군,802,35.1,32.67,66.02,12.06,0.2,0.0,11.5,41.4,44.06,29.38,56.12,2.2,10.57,2026-09-24
경남 고성군,515,51.76,45.98,68.7,17.31,63.3,7.0,63.5,96.1,57.19,54.99,74.61,8.03,26.37,2026-09-24
경남 김해시,466,59.81,50.48,72.55,19.6,79.6,44.4,75.3,100.0,63.69,66.22,83.06,12.65,35.37,2026-09-24
경남 남해군,355,69.68,45.96,74.79,15.96,56.3,21.4,52.4,100.0,79.81,72.21,82.76,23.27,54.36,2026-09-24
경남 밀양시,806,41.79,44.08,68.55,18.64,58.9,14.8,75.2,64.9,45.72,42.84,66.37,4.31,16.1,2026-09-24
경남 사천시,400,57.53,54.27,70.8,22.42,100.0,59.8,90.0,100.0,64.0,61.39,79.91,10.37,32.01,2026-09-24
경남 산청군,792,40.25,38.16,67.14,17.52,16.4,0.0,11.9,68.9,48.81,36.76,61.76,3.57,14.99,2026-09-24
경남 양산시,483,44.93,36.64,69.71,14.18,7.5,1.9,24.0,71.4,48.77,46.81,69.58,5.82,19.21,2026-09-24
경남 의령군,483,41.34,40.07,65.96,16.81,23.8,0.0,77.6,74.9,46.58,40.82,65.3,3.68,16.65,2026-09-24
경남 진주시,718,46.29,45.41,66.86,21.93,65.2,1.7,97.9,96.7,51.95,47.28,70.14,5.02,20.67,2026-09-24
경남 창녕군,527,48.46,46.4,69.91,18.93,79.5,0.0,99.6,95.8,53.08,51.11,73.49,5.88,21.24,2026-09-24
경남 창원시 마산합포구,243,55.8,50.36,71.29,18.36,85.2,42.8,71.2,97.9,60.09,60.72,77.88,12.23,31.78,2026-09-24
경남 창원시 마산회원구,91,53.82,42.15,74.95,13.67,42.9,0.0,100.0,100.0,51.31,64.17,80.46,13.25,26.64,2026-09-24
경남 창원시 성산구,88,67.76,49.44,75.96,16.77,93.2,14.8,84.1,100.0,69.76,75.6,88.45,21.54,52.07,2026-09-24
경남 창원시 의창구,202,58.56,51.26,73.04,19.84,99.5,34.7,100.0,100.0,60.17,66.44,83.14,12.63,34.3,2026-09-24
경남 창원시 진해구,120,62.08,42.15,73.69,14.32,25.0,1.7,48.3,100.0,67.15,68.0,83.18,15.3,38.77,2026-09-24
경남 통영시,238,67.92,38.58,74.29,11.79,34.5,0.0,12.6,99.6,73.24,74.61,82.98,24.03,51.99,2026-09-24
경남 하동군,677,46.94,45.05,67.88,18.43,62.2,22.9,39.7,80.1,55.29,45.81,68.42,5.98,21.65,2026-09-24
경남 함안군,414,48.9,44.74,68.84,19.03,59.4,0.0,98.6,99.0,53.84,51.59,72.99,6.37,22.46,2026-09-24
경남 함양군,721,34.71,34.11,65.85,14.21,7.4,0.0,9.2,46.0,43.23,29.35,55.62,2.21,10.66,2026-09-24
경남 합천군,981,44.92,43.25,67.64,20.21,56.8,4.2,63.4,80.5,53.23,42.99,67.19,4.87,18.96,2026-09-24
경북 경산시,413,45.48,43.69,71.19,16.74,50.8,5.8,94.2,81.8,46.9,48.9,72.42,5.83,20.66,2026-09-24
경북 경주시,1311,40.51,23.91,69.19,9.74,0.0,0.0,5.8,63.0,41.16,44.55,65.6,5.81,14.33,2026-09-24
경북 고령군,392,48.49,49.94,68.21,23.17,96.7,10.2,91.8,97.7,54.1,50.46,72.35,6.02,21.86,2026-09-24
경북 구미시,609,57.51,52.16,70.21,22.53,96.4,43.7,95.4,99.0,69.48,55.93,76.81,9.69,33.59,2026-09-24
경북 김천시,1008,45.91,40.9,68.26,16.32,47.1,10.9,48.8,68.8,57.65,40.97,65.27,5.79,21.79,2026-09-24
경북 문경시,915,48.94,38.43,70.32,14.36,22.4,0.0,6.3,80.4,63.54,42.3,65.65,7.81,25.8,2026-09-24
경북 봉화군,1203,26.96,21.44,63.13,5.84,0.0,0.0,0.0,2.5,34.41,19.83,46.56,0.98,6.62,2026-09-24
경북 상주시,1251,51.14,43.75,69.9,17.95,50.7,11.5,38.4,89.2,65.4,45.36,68.3,8.13,28.46,2026-09-24
경북 성주군,606,50.92,48.57,68.91,20.18,77.1,40.3,73.9,90.1,61.83,48.53,71.41,6.87,25.51,2026-09-24
경북 안동시,1529,34.9,36.95,64.7,16.12,14.3,0.0,57.6,39.9,41.97,30.5,57.13,2.03,11.41,2026-09-24
경북 영덕군,743,43.23,31.21,68.79,12.4,0.0,0.0,14.7,72.7,49.72,42.34,66.49,4.6,17.4,2026-09-24
경북 영양군,821,26.5,21.66,63.04,4.86,0.0,0.0,2.4,0.9,32.21,20.69,47.45,0.82,5.89,2026-09-24
경북 영주시,668,35.52,31.0,64.77,12.06,0.0,0.0,0.0,53.7,44.67,29.3,56.13,2.36,13.13,2026-09-24
경북 영천시,921,38.3,38.88,68.73,15.21,29.9,1.2,63.0,52.6,41.19,38.98,63.3,3.35,13.42,2026-09-24
경북 예천군,662,48.12,44.47,67.69,19.55,69.0,0.2,40.0,89.1,59.27,44.39,68.51,5.77,23.5,2026-09-24
경북 울릉군,76,46.49,18.87,77.71,3.66,0.0,0.0,0.0,68.4,51.74,47.67,63.68,14.0,25.63,2026-09-24
경북 울진군,991,46.59,28.92,69.61,8.89,0.0,0.0,0.0,76.8,57.21,42.94,66.85,6.12,21.56,2026-09-24
경북 의성군,1171,39.62,39.42,65.73,17.22,22.4,0.0,90.8,64.7,47.59,35.87,62.09,2.94,15.29,2026-09-24
경북 청도군,690,36.74,36.05,66.78,14.21,7.1,0.0,63.9,45.5,42.03,34.81,60.36,2.56,11.84,2026-09-24
경북 청송군,851,26.08,26.71,63.83,8.32,0.0,0.0,8.2,0.0,31.26,20.73,47.26,0.7,5.26,2026-09-24
경북 칠곡군,455,59.41,52.94,71.87,21.6,94.9,50.5,93.6,98.9,71.46,58.11,77.74,11.71,36.48,2026-09-24
경북 포항시 남구,393,47.43,12.94,74.56,5.61,0.0,0.0,0.0,91.9,41.31,60.48,75.75,10.96,17.29,2026-09-24
경북 포항시 북구,733,34.1,21.29,69.33,8.33,0.0,0.0,0.0,40.2,33.35,37.07,59.13,4.73,9.6,2026-09-24
광주 광산구,224,59.73,63.62,69.84,23.02,100.0,100.0,100.0,100.0,65.38,65.18,80.48,12.56,36.89,2026-09-24
광주 남구,62,64.36,68.65,70.74,25.69,100.0,100.0,100.0,100.0,71.27,69.84,83.85,14.84,42.61,2026-09-24
광주 동구,50,52.68,51.93,73.48,21.08,76.0,64.0,34.0,78.0,54.95,59.2,72.04,14.26,31.65,2026-09-24
광주 북구,122,62.97,61.39,72.63,21.66,91.0,85.2,73.8,94.3,68.59,68.73,81.39,17.78,42.12,2026-09-24
광주 서구,49,66.26,70.57,72.09,24.35,100.0,100.0,100.0,100.0,70.7,74.24,85.88,17.85,45.45,2026-09-24
대구 군위군,614,42.29,40.64,66.91,16.73,38.9,1.3,81.9,65.0,50.87,38.84,63.84,4.45,18.45,2026-09-24
대구 남구,16,59.86,48.73,76.03,17.38,100.0,0.0,100.0,100.0,59.01,66.45,85.96,15.02,44.95,2026-09-24
대구 달서구,64,60.04,48.51,75.18,16.88,92.2,0.0,100.0,100.0,60.17,67.41,85.51,14.47,41.13,2026-09-24
대구 달성군,421,51.59,46.03,71.11,18.04,65.3,11.2,100.0,94.5,57.07,53.78,75.79,7.66,26.18,2026-09-24
대구 동구,179,57.25,48.5,75.2,18.35,79.9,20.1,100.0,97.2,59.99,60.89,81.56,13.08,39.34,2026-09-24
대구 북구,95,65.09,55.35,75.63,22.72,100.0,77.9,100.0,100.0,66.66,72.13,88.44,17.47,49.32,2026-09-24
대구 서구,17,62.62,49.32,76.82,17.18,100.0,17.6,100.0,100.0,58.56,72.59,88.77,18.69,49.79,2026-09-24
대구 수성구,80,57.9,48.95,75.65,17.57,100.0,10.0,100.0,100.0,55.99,64.78,85.45,13.56,42.35,2026-09-24
대구 중구,7,64.25,53.38,76.89,20.57,100.0,14.3,100.0,100.0,60.45,73.56,90.07,19.41,54.48,2026-09-24
대전 대덕구,73,59.29,58.53,71.12,22.44,100.0,74.0,100.0,100.0,75.08,52.21,70.7,15.21,49.86,2026-09-24
대전 동구,137,56.75,55.72,69.39,22.19,100.0,67.9,100.0,100.0,72.71,50.07,71.28,11.32,39.57,2026-09-24
대전 서구,95,64.14,55.96,72.58,20.82,100.0,68.4,100.0,100.0,77.89,62.07,77.8,16.99,46.98,2026-09-24
대전 유성구,179,62.91,55.22,71.83,19.08,96.1,69.8,92.7,100.0,78.39,57.87,74.79,16.77,50.49,2026-09-24
대전 중구,60,61.66,56.99,70.23,23.4,100.0,80.0,100.0,100.0,76.06,58.81,77.37,12.99,41.26,2026-09-24
부산 강서구,178,54.43,29.24,74.27,9.61,6.2,1.7,0.0,90.4,47.9,70.72,80.5,15.36,25.46,2026-09-24
부산 금정구,67,55.54,40.29,71.9,15.52,0.0,0.0,100.0,100.0,61.82,57.6,78.08,10.66,32.52,2026-09-24
부산 기장군,220,67.96,25.36,75.0,9.79,0.0,0.0,40.0,100.0,78.89,68.64,82.79,20.44,52.22,2026-09-24
부산 남구,28,60.98,16.11,79.28,6.04,0.0,0.0,0.0,100.0,55.05,76.08,80.34,29.77,38.21,2026-09-24
부산 동구,8,44.08,17.58,77.72,5.5,0.0,0.0,0.0,75.0,28.54,66.45,72.56,16.69,12.06,2026-09-24
부산 동래구,18,72.1,42.68,76.3,14.72,0.0,0.0,77.8,100.0,77.48,76.71,89.71,23.95,62.36,2026-09-24
부산 부산진구,31,63.86,34.62,75.63,12.45,0.0,0.0,0.0,100.0,64.62,73.26,85.33,20.09,43.15,2026-09-24
부산 북구,39,60.56,35.36,73.42,12.0,0.0,0.0,23.1,100.0,63.56,67.41,84.36,13.45,37.12,2026-09-24
부산 사상구,35,49.4,26.04,73.88,8.94,0.0,0.0,0.0,68.6,45.61,60.82,72.91,12.55,26.79,2026-09-24
부산 사하구,43,24.57,11.62,76.44,3.14,0.0,0.0,0.0,0.0,8.89,41.59,50.87,6.09,1.93,2026-09-24
부산 서구,14,21.55,10.31,76.29,2.71,0.0,0.0,0.0,0.0,8.29,35.4,44.54,6.01,2.18,2026-09-24
부산 수영구,11,73.99,21.13,77.95,7.27,0.0,0.0,0.0,100.0,77.7,81.58,86.32,33.18,64.4,2026-09-24
부산 연제구,13,73.46,34.53,76.77,11.62,0.0,0.0,30.8,100.0,78.1,79.78,89.37,26.98,63.35,2026-09-24
부산 영도구,14,53.24,13.17,78.14,5.93,0.0,0.0,0.0,100.0,48.0,67.37,73.38,23.05,26.97,2026-09-24
부산 중구,3,33.12,16.8,80.14,3.33,0.0,0.0,0.0,0.0,13.58,55.22,64.0,11.6,4.58,2026-09-24
부산 해운대구,50,74.99,20.84,75.88,8.34,0.0,0.0,40.0,100.0,88.94,73.93,84.56,26.58,65.92,2026-09-24
서울 강남구,39,76.7,57.65,81.03,21.41,97.4,74.4,100.0,100.0,86.42,75.26,81.44,39.28,82.86,2026-09-24
서울 강동구,23,76.02,53.16,78.28,20.3,100.0,47.8,100.0,100.0,91.36,72.18,80.84,32.36,74.29,2026-09-24
서울 강북구,25,64.77,50.21,77.47,19.0,100.0,32.0,100.0,100.0,84.46,55.7,71.52,22.27,53.89,2026-09-24
서울 강서구,41,67.65,55.44,77.54,21.95,100.0,78.0,100.0,100.0,81.59,63.51,74.12,27.66,63.41,2026-09-24
서울 관악구,31,63.35,51.59,80.7,18.06,100.0,35.5,100.0,100.0,76.62,57.33,68.64,29.41,61.84,2026-09-24
서울 광진구,18,70.12,46.34,82.69,15.83,88.9,0.0,100.0,100.0,74.62,69.63,76.93,39.55,80.76,2026-09-24
서울 구로구,19,68.34,42.9,83.08,14.89,57.9,0.0,100.0,100.0,73.28,68.21,74.65,38.97,75.41,2026-09-24
서울 금천구,12,66.53,46.61,83.06,15.0,100.0,16.7,100.0,100.0,74.86,63.21,72.04,35.89,72.58,2026-09-24
서울 노원구,36,71.12,49.33,75.68,18.53,100.0,0.0,100.0,100.0,89.12,65.78,79.8,23.08,59.5,2026-09-24
서울 도봉구,20,70.16,48.07,78.47,18.75,100.0,10.0,100.0,100.0,88.59,62.53,75.07,27.89,64.51,2026-09-24
서울 동대문구,15,70.35,44.24,82.74,14.93,33.3,0.0,100.0,100.0,77.39,68.14,75.85,38.78,80.02,2026-09-24
서울 동작구,13,64.7,51.42,81.82,17.38,100.0,38.5,100.0,100.0,75.56,60.48,69.27,33.03,66.47,2026-09-24
서울 마포구,27,61.93,44.93,82.31,15.37,74.1,7.4,92.6,100.0,73.39,57.4,65.95,32.45,60.09,2026-09-24
서울 서대문구,16,65.89,50.41,80.26,17.25,75.0,25.0,100.0,100.0,82.47,58.19,68.69,30.32,63.72,2026-09-24
서울 서초구,46,74.75,60.64,78.88,21.87,100.0,93.5,100.0,100.0,89.13,71.25,80.23,32.23,72.89,2026-09-24
서울 성동구,16,63.5,37.45,84.23,11.56,12.5,0.0,100.0,100.0,68.4,61.37,69.57,37.45,72.56,2026-09-24
서울 성북구,23,67.78,43.49,80.28,13.48,60.9,0.0,100.0,100.0,81.82,62.26,73.72,30.04,65.33,2026-09-24
서울 송파구,34,78.31,55.37,80.85,20.79,100.0,61.8,100.0,100.0,87.5,77.44,82.85,40.7,85.93,2026-09-24
서울 양천구,16,62.34,43.78,84.09,15.38,87.5,0.0,100.0,100.0,70.2,58.91,67.2,35.31,67.02,2026-09-24
서울 영등포구,27,56.02,41.88,85.47,13.63,11.1,0.0,100.0,100.0,62.28,52.25,60.82,34.42,60.81,2026-09-24
서울 용산구,23,65.15,38.6,82.65,11.65,26.1,8.7,82.6,100.0,73.49,63.09,69.74,36.42,66.75,2026-09-24
서울 은평구,32,64.25,48.11,77.3,18.06,84.4,15.6,100.0,100.0,84.16,54.94,70.51,22.37,53.41,2026-09-24
서울 종로구,24,62.63,39.3,80.44,11.79,12.5,0.0,100.0,100.0,75.49,57.64,69.65,27.94,56.38,2026-09-24
서울 중구,9,67.03,32.23,81.23,8.56,0.0,0.0,88.9,100.0,74.31,67.36,73.37,35.84,65.03,2026-09-24
서울 중랑구,19,68.87,43.33,79.33,14.0,100.0,0.0,100.0,100.0,80.27,65.83,77.57,29.1,66.41,2026-09-24
세종 세종특별자치시,466,60.13,56.82,69.56,20.32,100.0,66.3,100.0,100.0,74.42,55.52,74.88,12.96,45.92,2026-09-24
울산 남구,75,63.59,18.96,77.48,7.6,0.0,0.0,0.0,100.0,59.43,76.87,86.07,24.08,43.39,2026-09-24
울산 동구,36,57.34,13.82,82.08,5.81,0.0,0.0,0.0,88.9,55.72,64.18,73.42,28.25,46.49,2026-09-24
울산 북구,157,53.17,16.32,76.47,7.29,0.0,0.0,0.0,93.6,50.58,63.39,77.04,16.44,28.0,2026-09-24
울산 울주군,763,49.11,22.94,70.96,9.64,0.0,0.0,2.0,78.6,52.41,52.59,71.67,10.44,25.37,2026-09-24
울산 중구,36,53.35,20.79,74.88,8.22,0.0,0.0,0.0,94.4,48.47,66.21,81.08,13.46,24.96,2026-09-24
인천 강화군,415,50.29,52.53,73.16,18.12,96.4,40.5,24.6,96.9,65.36,40.9,60.32,13.47,43.91,2026-09-24
인천 계양구,48,68.32,61.12,75.36,23.56,100.0,100.0,100.0,100.0,85.57,62.22,75.41,23.29,61.78,2026-09-24
인천 남동구,57,72.41,59.7,75.46,20.65,100.0,100.0,98.2,100.0,88.98,68.5,79.98,25.01,64.27,2026-09-24
인천 동구,7,46.4,43.8,81.63,11.57,100.0,0.0,0.0,100.0,55.8,41.68,50.93,24.42,41.63,2026-09-24
인천 미추홀구,26,64.31,56.27,79.35,18.92,100.0,76.9,69.2,100.0,79.36,58.08,67.56,29.19,62.47,2026-09-24
인천 부평구,31,75.49,60.82,76.88,22.19,100.0,100.0,100.0,100.0,91.95,71.46,81.16,29.41,71.03,2026-09-24
인천 서구,119,62.93,58.5,74.78,20.34,100.0,95.0,59.7,100.0,80.18,55.55,70.63,20.36,55.22,2026-09-24
인천 연수구,53,61.81,55.01,80.72,19.6,100.0,88.7,49.1,100.0,75.79,55.8,65.25,29.54,59.2,2026-09-24
인천 옹진군,178,27.44,21.36,76.67,4.7,4.5,2.2,0.0,14.6,31.61,23.92,38.79,9.28,19.1,2026-09-24
인천 중구,141,35.39,44.39,78.46,14.35,49.6,29.8,9.2,47.5,38.88,34.91,47.63,13.4,24.03,2026-09-24
전남 강진군,497,50.54,60.29,70.48,23.51,100.0,91.5,75.3,78.3,62.01,47.74,64.98,11.95,30.83,2026-09-24
전남 고흥군,806,66.72,53.58,73.75,18.94,87.2,59.4,8.1,100.0,72.38,73.25,83.33,21.02,48.55,2026-09-24
전남 곡성군,543,51.23,47.88,67.79,22.79,89.9,9.9,95.4,98.5,60.82,50.21,72.64,6.82,25.5,2026-09-24
전남 광양시,464,61.46,52.86,71.74,19.19,93.5,58.2,59.7,97.8,67.58,66.52,82.17,14.13,38.07,2026-09-24
전남 구례군,441,47.73,41.48,69.27,16.49,59.4,10.0,42.0,79.4,55.85,47.1,68.38,7.39,23.07,2026-09-24
전남 나주시,598,58.52,61.62,69.09,24.93,100.0,99.7,100.0,100.0,66.49,60.64,77.73,12.02,38.72,2026-09-24
전남 담양군,452,50.24,52.28,68.28,21.5,90.3,51.5,54.9,97.3,58.07,50.75,72.09,7.5,23.82,2026-09-24
전남 목포시,52,26.45,36.44,69.48,11.15,11.5,0.0,3.8,13.5,20.89,34.03,45.86,8.37,5.76,2026-09-24
전남 무안군,449,40.83,51.97,65.3,19.67,97.3,28.7,22.0,63.9,41.75,45.12,57.61,12.91,23.36,2026-09-24
전남 보성군,662,56.43,51.29,69.59,22.76,90.3,39.4,38.4,99.5,64.49,58.45,76.95,10.73,32.14,2026-09-24
전남 순천시,911,54.41,48.49,69.08,22.15,86.1,17.3,63.0,98.7,62.45,55.85,75.5,9.29,29.66,2026-09-24
전남 신안군,654,45.85,41.32,74.69,12.33,23.9,16.2,0.0,74.0,44.19,52.21,62.68,18.02,32.94,2026-09-24
전남 여수시,533,63.25,30.58,78.02,9.85,4.1,0.0,4.1,99.4,62.86,74.01,79.11,28.23,44.22,2026-09-24
전남 영광군,473,61.03,62.84,71.56,24.59,99.2,91.5,65.5,98.7,71.24,59.78,74.37,17.5,52.22,2026-09-24
전남 영암군,590,44.88,55.74,68.65,23.55,98.8,69.2,80.8,74.7,51.76,44.18,62.55,9.47,25.87,2026-09-24
전남 완도군,394,58.22,52.69,75.15,17.42,79.9,58.6,0.0,92.9,60.76,65.51,74.87,20.98,38.65,2026-09-24
전남 장성군,516,57.15,57.35,69.99,23.59,99.8,75.0,56.8,99.8,66.57,57.96,76.09,11.45,34.6,2026-09-24
전남 장흥군,611,39.27,54.85,66.93,23.81,100.0,62.7,47.1,70.5,47.48,37.13,56.07,5.94,18.07,2026-09-24
전남 진도군,433,47.17,46.89,73.14,17.2,58.7,40.9,0.0,81.1,44.88,56.15,67.32,15.22,26.68,2026-09-24
전남 함평군,388,56.37,56.88,70.25,23.32,100.0,84.5,93.3,100.0,62.24,59.51,75.12,13.74,37.92,2026-09-24
전남 해남군,1045,46.71,50.37,70.2,19.14,87.4,27.8,35.7,87.0,48.43,52.29,65.71,13.05,24.74,2026-09-24
전남 화순군,789,50.39,49.77,68.53,23.82,83.0,32.1,63.1,92.8,58.32,50.67,71.67,7.54,25.93,2026-09-24
전북 고창군,602,60.74,62.44,70.17,22.21,100.0,97.5,65.6,100.0,67.09,64.33,78.46,15.85,44.81,2026-09-24
전북 군산시,405,47.71,52.99,72.51,17.7,91.9,46.4,61.2,93.6,51.45,48.72,63.55,15.02,37.64,2026-09-24
전북 김제시,545,57.91,53.93,71.65,19.61,99.8,52.5,65.1,98.7,62.82,62.06,74.68,17.44,42.23,2026-09-24
전북 남원시,748,48.98,41.06,68.66,15.56,40.5,5.9,14.0,81.6,58.12,47.72,69.9,6.98,23.62,2026-09-24
전북 무주군,631,39.25,26.9,67.71,7.58,0.0,0.0,17.6,62.9,51.43,31.99,57.98,3.92,14.76,2026-09-24
전북 부안군,501,62.79,59.99,74.94,20.1,95.8,73.5,48.7,96.6,69.85,65.7,74.81,23.96,50.97,2026-09-24
전북 순창군,498,51.54,49.23,68.98,21.0,89.2,24.9,65.1,98.6,61.33,50.49,72.83,7.12,25.36,2026-09-24
전북 완주군,828,57.75,53.28,70.28,21.32,91.5,51.4,97.3,97.7,71.45,54.17,74.01,11.86,37.18,2026-09-24
전북 익산시,505,60.71,60.45,69.86,21.6,100.0,89.9,100.0,100.0,72.42,57.88,75.34,14.68,50.76,2026-09-24
전북 임실군,598,48.89,46.41,67.79,22.07,82.1,0.0,74.2,98.0,58.24,47.41,70.77,5.87,22.45,2026-09-24
전북 장수군,527,34.84,31.52,64.88,11.03,4.4,0.0,0.0,32.3,44.18,28.61,55.47,2.26,10.74,2026-09-24
전북 전주시 덕진구,112,71.65,59.92,75.19,22.22,100.0,99.1,100.0,100.0,80.21,75.66,84.62,25.24,58.83,2026-09-24
전북 전주시 완산구,90,70.02,60.03,74.41,24.28,100.0,94.4,100.0,100.0,80.21,72.49,84.28,21.79,54.45,2026-09-24
전북 정읍시,699,64.07,58.77,71.58,23.91,97.7,76.7,98.4,99.7,73.21,66.76,80.48,17.13,45.08,2026-09-24
전북 진안군,790,37.99,33.68,65.2,12.34,10.3,0.0,38.5,55.1,47.46,32.61,58.83,3.09,13.66,2026-09-24
제주 서귀포시,870,42.4,17.77,76.42,2.94,0.0,0.3,0.0,59.3,38.35,52.23,62.75,15.67,18.58,2026-09-24
제주 제주시,982,38.32,14.8,77.35,2.9,0.0,0.0,0.0,55.0,35.43,45.98,57.61,14.06,15.15,2026-09-24
충남 계룡시,63,47.16,38.3,67.76,13.35,36.5,0.0,39.7,93.7,57.72,42.44,65.64,7.68,28.7,2026-09-24
충남 공주시,858,53.75,50.05,68.23,16.9,90.0,30.4,87.9,99.5,66.8,48.81,70.79,9.53,35.88,2026-09-24
충남 금산군,579,51.07,46.75,68.65,18.99,68.7,16.4,96.4,95.2,67.06,43.38,67.44,7.89,28.96,2026-09-24
충남 논산시,556,56.8,50.54,68.77,17.92,94.4,28.8,87.4,99.5,69.18,53.42,73.97,10.6,39.58,2026-09-24
충남 당진시,704,57.04,53.36,75.27,15.79,85.8,51.6,10.1,94.5,69.84,52.15,65.08,20.63,50.88,2026-09-24
충남 보령시,589,57.42,51.84,72.56,12.15,86.2,48.0,23.1,96.9,68.4,54.5,68.47,18.8,48.79,2026-09-24
충남 부여군,626,55.09,58.37,67.34,20.25,100.0,87.2,92.2,100.0,66.59,51.32,72.97,9.8,39.77,2026-09-24
충남 서산시,741,52.29,37.62,73.36,9.33,36.3,4.5,0.0,83.5,60.4,50.92,64.29,17.48,43.36,2026-09-24
충남 서천군,361,50.85,56.85,69.82,18.39,100.0,76.7,72.6,100.0,59.23,47.1,66.27,12.71,44.55,2026-09-24
충남 아산시,551,64.63,51.75,74.9,16.42,99.5,26.9,91.3,99.8,81.83,58.72,75.77,18.51,49.23,2026-09-24
충남 예산군,543,54.86,44.32,71.1,12.6,76.2,12.2,64.3,91.2,64.19,54.31,70.68,13.96,37.63,2026-09-24
충남 천안시 동남구,442,61.0,49.81,72.33,16.42,94.6,15.6,100.0,100.0,78.37,54.63,74.98,13.22,41.63,2026-09-24
충남 천안시 서북구,192,60.22,43.76,75.78,16.95,54.2,9.9,100.0,94.3,68.49,57.78,79.38,16.22,49.77,2026-09-24
충남 청양군,478,46.94,49.23,65.27,16.94,100.0,9.6,90.4,99.2,56.58,42.92,67.72,5.84,26.95,2026-09-24
충남 태안군,515,42.7,36.75,73.63,9.09,24.7,5.4,0.0,71.8,48.17,40.41,55.35,14.25,37.04,2026-09-24
충남 홍성군,444,56.49,43.18,69.51,11.7,49.3,2.5,40.3,99.3,65.06,56.15,72.88,14.0,42.86,2026-09-24
충북 괴산군,850,45.62,36.49,68.74,12.15,4.9,0.2,48.5,81.9,61.06,37.03,62.49,5.86,22.35,2026-09-24
충북 단양군,780,35.62,27.13,66.03,8.49,0.0,0.0,11.9,49.5,47.54,27.38,53.96,2.8,12.52,2026-09-24
충북 보은군,579,43.39,41.56,67.93,15.84,37.1,7.9,64.1,78.9,57.46,34.47,59.89,6.03,24.5,2026-09-24
충북 영동군,846,43.79,33.84,68.57,11.72,0.6,0.0,48.1,80.9,58.48,35.23,60.82,5.45,21.3,2026-09-24
충북 옥천군,542,52.4,48.97,68.53,19.9,73.8,32.3,88.0,96.9,67.27,45.49,68.38,9.15,33.88,2026-09-24
충북 음성군,517,54.25,40.85,70.37,13.94,33.8,0.0,72.1,98.3,70.85,46.78,69.08,10.13,34.04,2026-09-24
충북 제천시,882,37.18,29.68,66.11,9.45,2.2,0.0,34.2,41.4,49.38,28.75,55.44,3.42,15.11,2026-09-24
충북 증평군,81,61.35,51.34,72.28,20.28,96.3,33.3,50.6,100.0,79.16,55.12,75.52,12.96,40.0,2026-09-24
충북 진천군,406,60.68,48.76,72.28,19.13,100.0,9.4,97.8,100.0,78.21,54.33,74.41,13.12,40.87,2026-09-24
충북 청주시 상당구,408,50.63,48.05,71.59,18.73,66.7,26.0,64.0,95.8,67.12,41.71,63.96,10.69,32.88,2026-09-24
충북 청주시 서원구,121,63.99,60.11,74.94,21.93,100.0,95.9,100.0,100.0,81.4,56.78,72.5,20.16,54.89,2026-09-24
충북 청주시 청원구,215,64.95,57.32,72.98,20.44,100.0,89.8,96.7,100.0,81.1,60.94,78.25,15.93,47.06,2026-09-24
충북 청주시 흥덕구,201,64.8,57.78,74.21,18.89,100.0,89.1,100.0,100.0,81.31,59.37,76.13,18.31,50.98,2026-09-24
충북 충주시,977,42.37,35.38,70.91,11.5,9.3,0.0,57.1,71.0,58.19,32.5,55.51,7.06,24.16,2026-09-24
