date,source,stn,lat,lon,elev,tavg,tmax,tmin,rh,ws,rain,srad
2026-10-01,kma,100,37.68,128.72,772.43,14.23,18.50,6.30,54.73,3.50,0.00,
2026-10-01,kma,101,37.90,127.74,75.82,16.64,23.40,10.00,51.85,1.97,0.00,
2026-10-01,kma,102,37.97,124.71,36.00,18.44,20.90,16.10,36.47,5.48,0.00,
2026-10-01,kma,104,37.80,128.86,75.24,18.30,22.80,12.80,53.94,1.66,0.00,
2026-10-01,kma,105,37.75,128.89,27.12,19.69,23.60,15.90,43.96,2.39,0.00,
2026-10-01,kma,106,37.51,129.12,40.46,18.62,23.40,12.70,54.04,3.04,0.00,
2026-10-01,kma,108,37.57,126.97,85.67,17.79,22.10,14.00,37.01,3.19,0.00,
2026-10-01,kma,110,37.56,126.79,11.38,17.49,22.90,11.50,44.96,4.05,0.00,
2026-10-01,kma,112,37.48,126.62,68.99,18.08,21.80,14.20,38.32,3.07,0.00,
2026-10-01,kma,113,37.46,126.44,7.10,18.34,21.50,14.80,38.29,4.79,0.00,
2026-10-01,kma,114,37.34,127.95,150.11,17.69,22.70,11.30,46.64,1.88,0.00,
2026-10-01,kma,115,37.48,130.90,221.14,19.41,22.80,15.80,64.25,4.33,0.00,
2026-10-01,kma,116,37.45,126.96,624.82,13.41,17.70,10.40,44.03,1.60,0.00,
2026-10-01,kma,119,37.26,126.98,39.81,17.69,22.20,14.40,36.97,2.96,0.00,
2026-10-01,kma,121,37.18,128.46,240.54,17.05,23.00,7.80,55.64,1.58,0.00,
2026-10-01,kma,127,36.97,127.95,114.85,17.29,22.90,9.60,47.85,1.79,0.00,
2026-10-01,kma,128,36.72,127.50,58.00,,22.90,9.40,,,0.00,
2026-10-01,kma,129,36.78,126.49,25.25,17.50,21.40,11.70,42.10,2.41,0.00,
2026-10-01,kma,130,36.99,129.41,48.98,18.34,21.80,12.60,64.06,1.59,0.00,
2026-10-01,kma,131,36.64,127.44,58.70,19.04,23.10,15.20,40.22,1.76,0.00,
2026-10-01,kma,133,36.37,127.37,67.79,18.01,22.90,12.80,46.61,2.22,0.00,
2026-10-01,kma,135,36.22,127.99,244.98,16.91,20.60,10.30,52.72,3.54,0.00,
2026-10-01,kma,136,36.57,128.71,141.26,18.12,22.90,12.30,57.62,1.61,0.00,
2026-10-01,kma,137,36.41,128.16,96.58,18.53,23.00,12.00,51.24,1.52,0.00,
2026-10-01,kma,138,36.03,129.38,3.94,20.53,23.10,16.00,59.00,2.06,0.00,
2026-10-01,kma,140,36.01,126.76,27.85,18.07,22.80,11.90,54.91,2.73,0.00,
2026-10-01,kma,142,35.89,128.66,35.40,,25.10,13.30,,,,
2026-10-01,kma,143,35.88,128.65,54.27,20.66,24.90,17.00,45.38,2.47,0.00,
2026-10-01,kma,146,35.84,127.12,60.44,18.59,22.90,13.30,51.41,2.52,0.00,
2026-10-01,kma,151,35.59,129.35,12.60,19.14,24.50,11.90,75.12,2.45,0.00,
2026-10-01,kma,152,35.58,129.33,81.14,19.83,23.60,15.20,64.65,2.04,0.00,
2026-10-01,kma,153,35.17,128.93,4.00,,26.60,15.30,,,,
2026-10-01,kma,155,35.17,128.57,34.97,21.40,25.60,17.80,56.14,1.47,0.00,
2026-10-01,kma,156,35.17,126.89,70.28,19.71,23.90,14.90,55.03,2.55,0.00,
2026-10-01,kma,158,35.12,126.81,12.80,,24.00,13.40,,,,
2026-10-01,kma,159,35.10,129.03,69.56,21.60,25.60,17.50,65.85,2.24,0.00,
2026-10-01,kma,160,35.12,129.00,549.15,17.68,22.10,13.60,86.51,4.21,0.00,
2026-10-01,kma,161,35.08,128.07,8.00,,26.70,10.70,,,,
2026-10-01,kma,162,34.85,128.44,31.24,21.36,25.80,17.10,64.48,1.80,0.00,
2026-10-01,kma,163,34.99,126.38,10.90,19.57,22.60,15.20,56.08,5.44,0.00,
2026-10-01,kma,165,34.82,126.38,44.70,19.57,21.80,16.30,60.35,6.10,0.00,
2026-10-01,kma,167,34.85,127.61,17.90,21.49,26.20,16.40,52.42,4.62,0.00,
2026-10-01,kma,168,34.74,127.74,65.93,21.64,25.60,17.30,53.19,4.37,0.00,
2026-10-01,kma,169,34.69,125.45,75.12,19.82,22.70,18.10,62.72,8.88,0.00,
2026-10-01,kma,170,34.40,126.70,35.37,20.35,25.60,16.20,60.44,2.30,0.00,
2026-10-01,kma,172,35.35,126.60,52.42,17.85,22.50,12.10,62.05,3.42,0.10,
2026-10-01,kma,174,35.02,127.37,165.00,18.35,22.90,13.90,58.03,2.61,0.00,
2026-10-01,kma,175,34.47,126.32,478.51,16.32,18.90,13.30,76.28,4.09,0.00,
2026-10-01,kma,177,36.66,126.69,27.74,18.21,22.00,12.60,48.80,2.50,0.00,
2026-10-01,kma,181,36.64,127.38,33.55,16.28,21.40,9.00,53.04,2.45,0.00,
2026-10-01,kma,182,33.52,126.50,26.50,21.99,24.40,19.40,62.67,2.65,0.00,
2026-10-01,kma,184,33.51,126.53,20.79,22.50,25.10,19.50,60.24,3.52,0.00,
2026-10-01,kma,185,33.29,126.16,71.39,21.35,22.80,19.30,65.33,7.50,0.00,
2026-10-01,kma,188,33.39,126.88,20.34,21.48,25.50,17.30,66.82,2.35,0.00,
2026-10-01,kma,189,33.25,126.57,51.86,24.28,28.50,21.30,69.19,1.55,0.00,
2026-10-01,kma,192,35.16,128.04,29.35,17.82,25.10,9.60,74.83,0.59,0.10,
2026-10-01,kma,201,37.71,126.45,47.84,16.33,21.40,9.90,45.59,1.62,0.00,
2026-10-01,kma,202,37.49,127.49,47.26,17.84,22.60,11.60,42.08,1.98,0.00,
2026-10-01,kma,203,37.26,127.48,80.09,18.15,23.70,12.60,44.13,1.25,0.00,
2026-10-01,kma,211,38.06,128.17,202.00,15.52,21.20,8.80,52.48,1.18,0.00,
2026-10-01,kma,212,37.68,127.88,140.20,16.45,21.90,9.60,48.64,1.44,0.00,
2026-10-01,kma,216,37.17,128.99,714.45,15.89,21.40,10.00,53.91,1.35,0.00,
2026-10-01,kma,217,37.38,128.67,312.00,17.58,23.70,8.80,52.54,1.39,0.00,
2026-10-01,kma,221,37.16,128.19,264.62,15.46,21.40,5.90,57.15,1.75,0.00,
2026-10-01,kma,226,36.49,127.73,171.31,16.39,22.00,8.50,59.02,1.37,0.00,
2026-10-01,kma,229,36.63,125.56,104.81,18.30,21.50,17.20,48.09,7.32,0.00,
2026-10-01,kma,230,37.26,126.10,12.00,18.94,21.90,17.00,36.59,4.84,0.00,
2026-10-01,kma,232,36.76,127.29,84.78,17.06,22.10,9.80,51.74,1.34,0.00,
2026-10-01,kma,235,36.33,126.56,9.98,18.07,23.70,13.00,50.03,2.45,0.00,
2026-10-01,kma,236,36.27,126.92,13.42,17.34,22.90,9.50,54.54,1.29,0.00,
2026-10-01,kma,238,36.11,127.48,170.17,16.95,22.10,9.20,57.56,0.88,0.00,
2026-10-01,kma,239,36.49,127.24,89.50,16.94,21.40,10.90,50.36,2.13,0.00,
2026-10-01,kma,243,35.73,126.72,12.20,18.88,23.50,12.30,50.96,1.75,0.00,
2026-10-01,kma,244,35.61,127.29,247.04,16.71,22.20,8.50,62.37,1.06,0.00,
2026-10-01,kma,245,35.56,126.84,68.70,18.23,22.60,12.50,55.26,2.99,0.00,
2026-10-01,kma,247,35.42,127.40,133.49,18.03,23.50,10.50,62.30,1.33,0.00,
2026-10-01,kma,248,35.66,127.52,406.87,14.76,21.30,6.40,69.66,1.41,0.00,
2026-10-01,kma,251,35.42,126.69,50.00,17.59,22.80,10.60,63.83,1.89,0.00,
2026-10-01,kma,252,35.28,126.48,37.20,18.37,22.40,13.10,58.27,2.62,0.00,
2026-10-01,kma,253,35.23,128.89,54.59,20.81,26.50,15.50,64.29,1.03,0.00,
2026-10-01,kma,254,35.37,127.13,129.38,17.65,22.40,10.60,59.40,2.45,0.00,
2026-10-01,kma,255,35.23,128.67,50.95,21.47,26.20,16.40,59.62,1.50,0.00,
2026-10-01,kma,257,35.31,129.02,6.29,21.15,28.10,14.00,74.27,1.25,0.00,
2026-10-01,kma,258,34.76,127.21,1.41,20.05,25.00,14.80,60.62,3.46,0.00,
2026-10-01,kma,259,34.64,126.78,16.19,19.97,24.20,15.60,60.70,2.07,0.00,
2026-10-01,kma,260,34.69,126.92,43.99,19.27,24.10,13.90,64.98,2.50,0.00,
2026-10-01,kma,261,34.55,126.57,16.36,19.77,23.70,16.70,63.35,3.28,0.00,
2026-10-01,kma,262,34.62,127.28,51.91,19.35,25.20,11.90,65.44,1.75,0.00,
2026-10-01,kma,263,35.32,128.29,14.10,17.55,24.70,9.10,78.48,1.38,0.00,
2026-10-01,kma,264,35.51,127.75,152.07,18.54,25.10,9.60,63.88,1.72,0.00,
2026-10-01,kma,266,34.94,127.69,88.21,20.64,27.20,15.30,59.65,1.30,0.00,
2026-10-01,kma,268,34.47,126.26,9.82,19.70,22.00,17.60,61.22,4.46,0.00,
2026-10-01,kma,269,35.35,126.03,28.00,19.68,22.30,18.10,57.37,3.26,0.00,
2026-10-01,kma,271,36.94,128.91,324.67,15.38,22.20,5.90,72.15,1.10,0.10,
2026-10-01,kma,272,36.87,128.52,211.32,17.52,21.60,8.90,52.59,4.04,0.00,
2026-10-01,kma,273,36.63,128.15,173.01,17.84,22.60,11.00,51.78,2.16,0.00,
2026-10-01,kma,276,36.44,129.04,208.65,16.29,23.10,6.80,74.85,1.58,0.00,
2026-10-01,kma,277,36.53,129.41,40.71,18.16,22.00,11.50,66.37,2.62,0.00,
2026-10-01,kma,278,36.36,128.69,81.44,16.72,23.80,7.70,67.38,1.03,0.00,
2026-10-01,kma,279,36.13,128.32,49.17,19.19,23.90,13.00,50.92,1.18,0.00,
2026-10-01,kma,281,35.98,128.95,96.12,20.14,24.90,14.70,49.88,2.09,0.00,
2026-10-01,kma,283,35.82,129.20,40.13,19.62,26.50,10.90,62.79,2.20,0.00,
2026-10-01,kma,284,35.67,127.91,228.45,16.70,24.10,8.20,68.88,1.62,0.00,
2026-10-01,kma,285,35.57,128.17,26.72,18.81,25.60,10.50,72.72,0.83,0.00,
2026-10-01,kma,288,35.49,128.74,8.31,20.21,27.00,14.00,63.99,1.09,0.00,
2026-10-01,kma,289,35.41,127.88,138.22,19.61,25.20,11.90,58.44,1.97,0.00,
2026-10-01,kma,294,34.89,128.60,44.83,20.42,24.70,16.00,71.33,0.83,0.00,
2026-10-01,kma,295,34.82,127.93,45.71,20.60,24.90,15.10,71.91,1.14,0.00,
2026-10-01,kma,296,35.22,128.96,3.00,20.06,27.20,12.30,76.34,0.70,0.00,
2026-10-01,kma,300,35.86,126.32,44.18,19.61,22.10,18.30,54.32,7.23,0.00,
2026-10-01,kma,301,35.10,126.12,13.72,20.03,22.20,18.50,55.82,3.51,0.00,
2026-10-01,kma,302,34.64,126.18,6.00,20.53,22.20,19.10,58.77,5.06,0.00,
2026-10-01,kma,303,34.07,125.10,105.88,20.21,22.50,19.00,63.08,10.25,0.00,
2026-10-01,kma,304,34.32,126.85,25.41,20.69,24.10,17.30,57.66,4.78,0.00,
2026-10-01,kma,305,33.99,126.92,34.96,21.32,22.70,19.00,64.37,5.33,0.00,
2026-10-01,kma,306,34.43,127.80,3.04,22.32,25.40,17.80,57.95,2.48,0.00,
2026-10-01,kma,308,34.69,126.07,8.23,20.09,22.10,18.40,70.75,7.95,0.00,
2026-10-01,kma,309,37.95,126.69,25.00,12.98,23.30,7.20,58.00,0.93,0.00,
2026-10-01,kma,310,37.32,129.26,14.07,17.14,21.60,10.30,68.91,2.08,0.00,
2026-10-01,kma,311,35.79,128.09,605.47,14.12,19.80,7.50,72.07,0.83,0.00,
2026-10-01,kma,312,36.39,129.14,262.19,16.07,23.50,6.80,70.44,0.87,0.00,
2026-10-01,kma,313,34.88,128.74,70.00,21.68,25.00,17.80,66.66,1.28,0.00,
2026-10-01,kma,314,35.87,127.74,1515.31,8.70,14.60,3.30,77.35,4.63,0.00,
2026-10-01,kma,315,35.31,127.51,1087.86,13.30,19.20,7.70,67.09,2.53,0.00,
2026-10-01,kma,316,35.11,127.00,911.53,13.03,15.70,10.00,66.68,6.88,0.00,
2026-10-01,kma,317,35.73,127.11,105.92,16.66,22.30,9.00,59.02,1.43,0.00,
2026-10-01,kma,318,37.65,128.68,852.00,13.41,17.40,8.70,54.55,1.31,0.00,
2026-10-01,kma,319,37.54,130.87,57.80,20.07,24.90,15.60,65.36,2.23,0.00,
2026-10-01,kma,320,38.33,128.31,1263.88,7.78,13.20,4.50,,5.76,0.00,
2026-10-01,kma,321,38.11,128.20,253.72,15.60,21.10,6.90,51.45,1.37,0.00,
2026-10-01,kma,322,38.20,127.66,223.00,12.87,21.40,5.60,65.34,1.27,0.00,
2026-10-01,kma,323,38.27,127.53,276.00,13.27,20.60,4.50,57.23,2.55,0.00,
2026-10-01,kma,324,36.91,128.07,155.91,16.89,22.00,9.50,53.47,1.35,0.00,
2026-10-01,kma,325,37.14,128.03,231.26,15.27,22.30,5.30,60.76,1.13,0.00,
2026-10-01,kma,326,37.55,127.61,191.01,14.32,21.70,7.90,62.97,1.45,0.00,
2026-10-01,kma,327,36.63,127.51,97.00,17.99,22.80,13.10,45.97,1.52,0.00,
2026-10-01,kma,328,33.25,126.40,61.00,23.08,28.20,19.60,55.07,3.38,0.00,
2026-10-01,kma,329,33.45,126.57,377.00,18.11,22.60,13.80,77.94,2.10,0.00,
2026-10-01,kma,330,33.50,126.65,144.41,20.64,23.80,17.60,70.55,3.35,0.00,
2026-10-01,kma,331,33.30,126.42,431.00,19.99,25.40,15.80,67.11,3.42,0.00,
2026-10-01,kma,332,37.44,129.12,49.13,17.27,23.00,9.20,68.13,1.05,0.00,
2026-10-01,kma,333,37.58,129.08,16.00,18.20,22.80,10.50,58.05,2.32,0.00,
2026-10-01,kma,334,38.21,128.59,24.38,19.65,23.20,16.70,36.12,1.97,0.00,
2026-10-01,kma,335,37.36,128.13,406.11,14.52,20.60,5.40,57.84,0.95,0.00,
2026-10-01,kma,336,37.56,128.11,210.87,15.83,22.80,7.00,59.47,0.86,0.00,
2026-10-01,kma,337,37.46,128.06,202.45,15.90,21.60,7.40,56.35,1.21,0.00,
2026-10-01,kma,338,37.51,128.21,486.29,13.41,20.50,4.50,70.55,0.88,0.00,
2026-10-01,kma,339,37.49,127.88,251.49,15.17,22.50,5.60,61.20,0.82,0.00,
2026-10-01,kma,340,37.53,127.98,137.60,15.70,23.70,6.00,63.87,1.40,0.00,
2026-10-01,kma,341,35.83,127.05,33.00,,22.10,10.70,,,0.00,
2026-10-01,kma,342,35.22,126.80,49.28,18.27,22.60,12.00,61.97,2.94,0.00,
2026-10-01,kma,343,38.02,127.11,84.79,12.93,21.90,9.40,58.83,1.07,0.00,
2026-10-01,kma,344,36.79,127.85,116.01,16.47,22.10,8.80,56.70,1.95,0.00,
2026-10-01,kma,345,37.37,127.95,109.15,17.18,23.00,9.50,51.29,1.81,0.00,
2026-10-01,kma,346,37.71,128.90,52.88,19.55,23.80,14.50,48.62,2.87,0.00,
2026-10-01,kma,347,37.23,127.86,152.00,15.67,21.30,7.90,55.06,2.10,0.00,
2026-10-01,kma,348,38.03,128.72,6.10,19.56,23.70,14.30,45.25,2.55,0.00,
2026-10-01,kma,349,37.60,127.84,275.00,15.02,20.80,7.50,55.45,1.40,0.00,
2026-10-01,kma,350,38.00,128.50,607.00,12.97,18.70,6.00,62.68,1.85,0.50,
2026-10-01,kma,351,37.90,126.98,126.71,16.26,22.30,10.00,,,0.00,
2026-10-01,kma,352,37.72,126.94,102.84,16.56,23.00,10.80,,,0.00,
2026-10-01,kma,355,37.11,127.04,29.13,,23.50,14.60,,,0.00,
2026-10-01,kma,356,37.04,127.02,28.27,18.09,22.40,14.60,38.58,3.11,0.00,
2026-10-01,kma,358,36.97,126.92,28.51,18.18,22.40,14.50,42.43,2.30,0.00,
2026-10-01,kma,360,37.79,127.23,126.91,15.50,22.10,8.30,49.95,,0.00,
2026-10-01,kma,361,38.01,127.24,95.59,17.45,24.40,11.00,64.26,1.13,0.00,
2026-10-01,kma,363,36.66,128.70,139.50,14.25,21.50,5.00,72.87,1.58,0.00,
2026-10-01,kma,364,37.38,127.12,55.70,18.40,22.20,15.50,31.71,2.47,0.00,
2026-10-01,kma,365,37.41,126.90,30.13,17.66,21.60,14.20,36.15,1.31,0.00,
2026-10-01,kma,366,37.39,127.01,115.46,16.60,22.10,12.70,46.85,0.77,0.00,
2026-10-01,kma,367,37.41,126.78,16.86,18.10,23.00,14.70,38.52,2.09,0.00,
2026-10-01,kma,368,37.60,127.15,36.85,18.17,21.60,14.90,33.33,3.08,0.00,
2026-10-01,kma,369,37.36,126.92,124.68,16.43,21.70,12.00,42.72,1.87,0.00,
2026-10-01,kma,370,37.12,127.22,55.38,16.44,23.70,8.60,53.59,1.12,0.00,
2026-10-01,kma,371,37.28,127.11,101.62,17.90,23.30,15.10,39.35,1.93,0.00,
2026-10-01,kma,372,37.87,127.02,88.51,17.24,23.10,11.10,48.70,1.34,0.00,
2026-10-01,kma,373,37.77,127.04,64.19,17.83,22.30,11.40,37.02,1.94,0.00,
2026-10-01,kma,374,37.05,126.97,33.01,17.95,21.90,14.40,39.72,1.90,0.00,
2026-10-01,kma,375,37.79,126.99,109.86,15.96,21.60,10.10,47.62,0.53,0.00,
2026-10-01,kma,376,37.45,126.86,68.57,17.55,21.50,13.90,39.02,2.61,0.00,
2026-10-01,kma,377,37.40,126.89,28.00,16.25,22.10,9.40,46.61,1.22,0.00,
2026-10-01,kma,378,36.30,127.36,71.19,18.12,22.70,11.30,46.95,2.12,0.00,
2026-10-01,kma,379,35.54,127.55,292.00,15.62,23.30,7.20,74.34,1.32,0.00,
2026-10-01,kma,400,37.50,127.08,12.66,19.16,23.40,16.20,36.52,1.86,0.00,
2026-10-01,kma,401,37.48,127.03,33.05,18.63,23.10,15.60,33.10,2.22,0.00,
2026-10-01,kma,402,37.56,127.14,55.29,18.34,23.40,14.80,34.58,1.68,0.00,
2026-10-01,kma,403,37.47,127.13,54.05,18.79,22.40,16.20,30.67,2.73,0.00,
2026-10-01,kma,404,37.57,126.83,9.30,18.67,23.30,14.10,38.40,2.35,0.00,
2026-10-01,kma,405,37.53,126.88,22.75,18.51,22.10,15.50,32.89,2.53,0.00,
2026-10-01,kma,406,37.67,127.03,56.65,18.46,25.10,13.30,36.60,1.28,0.00,
2026-10-01,kma,407,37.62,127.09,25.30,17.93,24.10,11.80,39.07,1.24,0.00,
2026-10-01,kma,408,37.58,127.06,53.96,18.69,22.70,15.70,31.60,2.62,0.00,
2026-10-01,kma,409,37.59,127.09,39.09,18.66,22.40,15.60,31.09,3.02,0.00,
2026-10-01,kma,410,37.49,126.92,41.76,18.65,22.70,15.30,29.52,1.99,0.00,
2026-10-01,kma,411,37.55,126.93,100.67,17.21,21.00,13.60,40.95,3.82,0.00,
2026-10-01,kma,412,37.57,126.94,103.08,16.81,21.30,11.70,46.05,1.10,0.00,
2026-10-01,kma,413,37.54,127.09,28.00,19.25,22.90,16.20,31.26,2.04,0.00,
2026-10-01,kma,414,37.61,127.00,128.62,17.43,21.60,13.70,33.42,2.23,0.00,
2026-10-01,kma,415,37.52,126.98,31.73,18.76,22.70,15.90,31.51,2.50,0.00,
2026-10-01,kma,416,37.65,126.94,55.00,15.95,22.10,9.20,43.38,1.34,0.00,
2026-10-01,kma,417,37.47,126.90,45.00,18.84,22.90,16.00,31.56,2.63,0.00,
2026-10-01,kma,418,37.52,126.94,10.66,18.69,22.20,15.60,41.88,2.94,0.00,
2026-10-01,kma,419,37.55,126.99,267.05,16.36,20.20,13.20,36.85,3.53,0.00,
2026-10-01,kma,42,35.94,126.60,2.05,19.29,22.60,14.30,51.30,4.10,0.00,
2026-10-01,kma,421,37.55,127.04,34.73,18.59,22.60,15.80,31.00,2.82,0.00,
2026-10-01,kma,423,37.49,126.83,56.08,18.65,23.70,14.60,36.79,2.63,0.00,
2026-10-01,kma,424,37.64,127.01,69.80,17.30,21.90,13.10,38.04,1.67,0.00,
2026-10-01,kma,425,37.46,126.98,113.00,16.83,22.00,12.20,40.11,1.26,0.00,
2026-10-01,kma,426,37.97,124.63,147.29,17.43,21.10,15.00,41.51,3.95,0.00,
2026-10-01,kma,427,37.67,126.65,9.00,17.49,22.90,11.60,45.12,1.99,0.00,
2026-10-01,kma,428,37.55,127.21,23.73,18.41,24.40,13.70,44.67,1.97,0.00,
2026-10-01,kma,43,34.71,126.41,1.19,20.34,23.70,17.00,65.52,5.71,0.00,
2026-10-01,kma,430,37.27,127.01,90.33,18.00,22.00,15.30,36.62,2.46,0.00,
2026-10-01,kma,431,37.75,127.07,52.95,17.19,22.70,12.00,38.18,0.99,0.00,
2026-10-01,kma,432,37.13,126.92,43.84,18.19,22.20,14.60,40.98,1.60,0.00,
2026-10-01,kma,433,37.50,126.76,14.62,18.81,23.00,14.90,34.02,1.15,0.00,
2026-10-01,kma,434,37.39,126.96,77.92,18.49,21.80,16.00,,2.55,0.00,
2026-10-01,kma,435,37.33,126.83,73.00,17.55,21.00,14.60,,2.49,0.00,
2026-10-01,kma,436,37.23,127.19,110.83,18.18,21.40,15.00,36.66,1.55,0.00,
2026-10-01,kma,437,37.48,126.87,52.69,18.93,22.70,16.20,32.79,2.07,0.00,
2026-10-01,kma,438,37.36,126.94,84.71,18.23,22.40,15.60,33.08,1.72,0.00,
2026-10-01,kma,439,37.21,127.04,43.15,19.39,23.30,16.30,32.58,2.07,0.00,
2026-10-01,kma,44,34.74,126.41,1.87,20.27,23.70,17.50,59.20,3.30,0.00,
2026-10-01,kma,440,37.28,127.44,87.30,17.92,23.00,15.00,40.57,3.02,0.00,
2026-10-01,kma,441,37.61,126.76,28.00,17.12,22.50,12.30,47.65,1.45,0.00,
2026-10-01,kma,442,37.42,127.29,37.41,17.03,23.50,10.30,47.68,0.76,0.00,
2026-10-01,kma,443,37.03,127.31,70.76,15.15,21.00,7.30,50.89,1.23,0.00,
2026-10-01,kma,444,37.54,127.21,27.68,18.04,22.70,14.10,42.25,0.53,0.00,
2026-10-01,kma,445,37.34,126.97,91.46,17.42,22.20,12.60,40.94,1.36,0.00,
2026-10-01,kma,446,37.14,127.06,17.48,18.40,23.20,14.70,40.93,1.69,0.00,
2026-10-01,kma,447,37.33,127.68,89.04,16.89,23.00,8.70,49.68,1.58,0.00,
2026-10-01,kma,448,37.40,127.46,217.47,16.20,22.60,11.70,46.97,0.92,0.00,
2026-10-01,kma,449,37.51,127.45,32.00,18.31,24.00,12.00,46.09,1.65,0.00,
2026-10-01,kma,45,34.92,128.12,15.00,20.88,26.10,17.50,78.42,1.70,0.00,
2026-10-01,kma,450,37.60,126.85,12.81,17.60,22.60,13.00,40.31,1.78,0.00,
2026-10-01,kma,451,37.70,127.20,87.99,17.16,23.00,11.90,41.81,1.43,0.00,
2026-10-01,kma,452,37.93,127.23,95.19,15.74,23.30,9.30,53.92,0.75,0.00,
2026-10-01,kma,453,37.44,126.90,15.28,,22.60,16.20,,,0.00,
2026-10-01,kma,454,37.97,127.07,70.71,15.70,22.10,10.10,,1.74,0.00,
2026-10-01,kma,455,37.85,127.50,71.80,15.44,21.90,8.00,57.92,0.78,0.00,
2026-10-01,kma,456,38.10,127.08,73.31,15.74,22.70,9.20,57.33,0.88,0.00,
2026-10-01,kma,457,37.52,127.19,55.27,18.93,24.20,13.80,41.94,,0.00,
2026-10-01,kma,458,37.47,127.31,44.59,18.15,24.60,11.80,43.15,0.63,0.00,
2026-10-01,kma,459,37.35,127.20,134.00,18.02,22.70,12.50,,2.28,0.00,
2026-10-01,kma,460,37.37,127.41,87.77,16.59,23.10,8.40,46.73,1.60,0.00,
2026-10-01,kma,461,37.25,127.36,109.89,18.19,23.10,12.80,40.40,1.83,0.00,
2026-10-01,kma,462,37.17,127.48,91.21,17.84,22.40,12.20,41.48,2.02,0.00,
2026-10-01,kma,463,37.33,127.55,48.31,17.17,23.40,8.90,49.07,,0.00,
2026-10-01,kma,464,37.20,127.66,68.36,17.64,24.00,9.70,51.26,1.41,0.00,
2026-10-01,kma,465,37.20,127.55,62.70,18.40,24.20,10.00,47.30,0.17,0.00,
2026-10-01,kma,466,37.39,127.53,31.11,17.73,24.60,10.10,48.51,1.36,0.00,
2026-10-01,kma,467,37.09,127.22,93.23,17.17,22.90,11.50,,2.06,,
2026-10-01,kma,468,36.95,127.26,53.80,17.89,23.70,11.40,48.33,0.55,0.00,
2026-10-01,kma,469,37.14,127.43,151.91,16.17,22.10,10.00,,0.77,0.00,
2026-10-01,kma,470,37.08,127.27,41.00,16.90,22.90,9.80,52.93,1.01,0.00,
2026-10-01,kma,471,37.07,127.06,63.05,18.96,23.00,16.00,,2.23,0.00,
2026-10-01,kma,472,36.98,126.85,18.99,18.63,22.00,15.20,45.66,3.28,0.00,
2026-10-01,kma,473,37.85,127.19,134.70,16.93,21.90,12.20,40.98,1.39,0.00,
2026-10-01,kma,474,38.09,127.28,142.87,14.67,21.70,8.70,,0.80,0.00,
2026-10-01,kma,475,38.16,127.25,185.81,14.25,21.10,7.50,50.78,1.26,0.00,
2026-10-01,kma,476,37.90,127.29,151.72,14.66,22.70,7.70,59.11,0.49,0.00,
2026-10-01,kma,477,37.91,127.04,71.43,16.90,22.90,11.60,,0.96,0.00,
2026-10-01,kma,478,38.06,127.01,37.30,14.53,22.30,7.80,,0.96,0.00,
2026-10-01,kma,479,37.98,126.88,33.36,15.69,22.60,9.00,99.00,1.37,0.00,
2026-10-01,kma,480,38.05,126.99,42.35,14.99,23.20,7.90,64.53,0.88,0.00,
2026-10-01,kma,481,37.80,126.72,20.91,16.97,23.60,10.90,,1.46,0.00,
2026-10-01,kma,482,37.78,126.85,42.86,16.45,23.80,9.00,46.14,1.20,0.00,
2026-10-01,kma,483,37.93,126.79,18.08,15.67,23.90,7.70,,0.90,0.00,
2026-10-01,kma,485,37.68,127.49,75.61,16.56,23.80,9.90,42.10,1.67,0.00,
2026-10-01,kma,486,37.73,127.41,49.88,17.78,24.20,12.70,,1.72,0.00,
2026-10-01,kma,487,37.65,126.55,13.00,17.57,22.30,11.90,,1.49,0.00,
2026-10-01,kma,488,37.22,126.73,10.44,18.05,21.70,13.90,41.51,2.35,0.00,
2026-10-01,kma,489,37.17,126.71,25.46,18.73,21.90,15.90,34.77,2.69,0.00,
2026-10-01,kma,491,38.09,127.02,40.00,15.27,22.70,8.70,62.32,1.37,0.00,
2026-10-01,kma,492,37.42,126.85,72.80,17.32,21.00,13.60,43.72,2.83,0.00,
2026-10-01,kma,493,36.74,127.01,35.00,15.90,21.10,9.80,49.74,,0.00,
2026-10-01,kma,494,36.53,127.24,106.02,17.32,22.10,12.20,54.38,1.91,0.00,
2026-10-01,kma,495,36.98,127.16,13.00,18.00,23.70,10.40,50.28,2.63,0.00,
2026-10-01,kma,496,36.46,127.27,27.23,17.11,22.70,9.30,57.30,1.07,0.00,
2026-10-01,kma,497,37.58,128.85,660.40,13.26,20.60,3.60,71.76,1.13,0.00,
2026-10-01,kma,498,37.88,128.51,1018.68,11.53,19.80,6.50,59.00,1.65,0.00,
2026-10-01,kma,500,37.67,126.47,48.00,,24.50,10.80,,2.44,0.00,
2026-10-01,kma,501,37.66,125.70,7.63,18.17,23.10,12.90,36.58,2.88,0.00,
2026-10-01,kma,502,37.79,126.29,13.94,16.87,22.70,10.70,45.51,1.24,0.00,
2026-10-01,kma,503,37.91,126.71,18.29,15.67,22.40,7.10,53.52,1.22,0.00,
2026-10-01,kma,504,37.87,127.18,105.14,15.24,22.60,9.40,52.08,1.94,0.00,
2026-10-01,kma,505,37.82,127.35,170.45,16.01,21.40,10.10,49.46,1.78,0.00,
2026-10-01,kma,506,37.75,126.78,12.88,16.62,23.80,9.50,49.85,1.89,0.00,
2026-10-01,kma,507,38.02,127.14,76.06,14.63,22.40,8.10,64.66,0.95,0.00,
2026-10-01,kma,508,37.47,126.36,140.91,17.14,20.70,14.30,39.57,4.41,0.00,
2026-10-01,kma,509,37.45,126.95,141.64,16.98,21.30,12.70,37.10,2.59,0.00,
2026-10-01,kma,510,37.53,126.91,25.38,18.82,23.00,15.80,34.16,1.52,0.00,
2026-10-01,kma,511,37.57,126.64,7.13,17.10,21.70,10.10,43.92,2.01,0.00,
2026-10-01,kma,512,37.40,126.66,8.13,18.80,22.20,14.60,33.30,2.77,0.00,
2026-10-01,kma,513,37.07,126.01,29.53,,21.40,17.50,,,0.00,
2026-10-01,kma,514,37.24,126.58,10.00,18.33,21.70,15.20,37.11,2.42,0.00,
2026-10-01,kma,515,37.08,126.77,10.47,17.27,21.40,11.70,53.27,3.55,0.00,
2026-10-01,kma,516,37.00,127.25,23.92,17.76,23.70,10.70,47.13,1.80,0.00,
2026-10-01,kma,517,38.39,128.48,6.00,18.25,22.20,13.30,36.38,2.41,0.00,
2026-10-01,kma,518,38.27,128.12,468.47,14.21,20.70,5.40,42.25,2.95,0.00,
2026-10-01,kma,519,38.08,127.52,298.11,11.85,20.10,4.60,69.99,1.11,0.00,
2026-10-01,kma,520,38.17,128.52,135.58,17.00,22.80,12.60,50.36,1.17,0.00,
2026-10-01,kma,522,37.79,127.98,197.86,15.69,23.70,6.40,53.70,0.94,0.00,
2026-10-01,kma,523,37.90,128.82,9.00,17.72,23.30,8.90,52.48,2.27,0.00,
2026-10-01,kma,524,37.79,128.89,4.00,18.72,23.90,12.10,53.93,2.66,0.00,
2026-10-01,kma,525,37.62,128.36,568.00,13.33,19.30,3.80,65.18,2.38,0.00,
2026-10-01,kma,526,37.38,128.39,303.18,15.41,21.30,7.10,59.20,1.71,0.00,
2026-10-01,kma,527,37.21,128.64,392.43,15.25,21.20,6.60,65.69,2.64,0.00,
2026-10-01,kma,529,37.14,129.29,36.07,16.97,22.10,9.90,73.05,1.75,0.00,
2026-10-01,kma,530,37.52,130.81,178.00,19.37,23.00,14.80,64.78,0.90,0.00,
2026-10-01,kma,531,37.90,127.55,109.66,14.55,22.50,6.50,63.84,1.44,0.00,
2026-10-01,kma,532,37.73,127.07,89.49,17.20,22.70,12.00,40.82,1.42,0.00,
2026-10-01,kma,533,37.33,127.48,83.00,17.31,22.60,11.20,44.88,2.08,0.00,
2026-10-01,kma,534,37.12,127.61,88.20,17.16,22.80,8.40,47.95,2.57,0.00,
2026-10-01,kma,535,37.72,128.18,313.50,14.07,21.50,4.60,63.25,1.82,0.50,
2026-10-01,kma,536,37.49,127.97,114.35,16.50,23.00,8.10,50.42,1.32,0.00,
2026-10-01,kma,537,37.48,128.85,488.08,16.19,22.30,6.10,59.33,1.80,0.00,
2026-10-01,kma,538,38.17,127.10,83.25,13.86,23.30,5.70,65.70,0.95,0.00,
2026-10-01,kma,539,38.02,127.37,145.00,12.78,21.50,9.50,58.17,1.87,0.00,
2026-10-01,kma,540,37.64,126.89,44.71,16.50,23.30,10.50,50.08,1.57,0.00,
2026-10-01,kma,541,37.63,127.15,25.36,17.91,23.80,12.70,41.07,1.49,0.00,
2026-10-01,kma,542,37.68,127.38,41.96,16.74,22.50,10.10,51.17,1.15,0.00,
2026-10-01,kma,543,37.50,126.55,25.79,17.36,22.00,12.30,42.17,2.00,0.00,
2026-10-01,kma,544,37.19,126.65,10.96,18.65,22.80,14.90,41.26,3.50,0.00,
2026-10-01,kma,545,37.28,126.84,5.92,17.21,23.20,9.90,45.10,0.39,0.00,
2026-10-01,kma,546,37.44,127.26,122.61,16.57,22.40,12.20,44.98,1.47,0.00,
2026-10-01,kma,547,37.42,127.75,108.62,,23.80,6.50,,,0.00,
2026-10-01,kma,548,37.27,127.64,118.56,17.77,24.00,10.80,44.67,1.70,0.00,
2026-10-01,kma,549,37.27,127.22,83.00,17.90,22.90,12.30,39.63,2.33,0.00,
2026-10-01,kma,550,37.17,127.05,34.89,17.59,22.60,12.10,41.60,2.55,0.00,
2026-10-01,kma,551,36.99,127.11,27.14,18.66,24.10,14.00,46.31,2.83,0.00,
2026-10-01,kma,552,38.23,127.39,229.50,13.17,21.20,5.30,60.21,1.92,0.00,
2026-10-01,kma,553,38.46,128.42,8.47,17.32,21.90,12.00,46.79,2.27,0.00,
2026-10-01,kma,555,38.08,127.69,109.21,14.91,22.10,8.20,65.56,1.63,0.00,
2026-10-01,kma,556,38.10,127.99,187.57,14.96,21.60,6.70,55.67,1.72,0.00,
2026-10-01,kma,557,37.95,128.31,292.00,15.37,20.80,7.20,49.95,1.74,0.00,
2026-10-01,kma,558,37.69,127.70,94.64,15.05,22.70,6.00,60.79,1.33,0.00,
2026-10-01,kma,559,37.78,128.40,574.76,12.64,19.10,4.50,69.59,1.30,1.00,
2026-10-01,kma,560,37.65,128.56,540.54,14.56,20.00,5.20,56.70,2.15,0.00,
2026-10-01,kma,561,37.58,128.15,221.38,14.83,21.40,5.80,63.08,1.80,0.00,
2026-10-01,kma,563,37.46,128.68,362.87,17.05,23.00,7.90,56.94,2.23,0.00,
2026-10-01,kma,565,37.39,126.78,5.77,17.21,22.10,12.30,40.37,2.15,0.00,
2026-10-01,kma,566,37.85,128.82,6.53,18.15,23.20,12.00,54.04,2.09,0.00,
2026-10-01,kma,567,37.95,126.93,71.25,12.92,22.60,8.50,54.57,0.55,0.00,
2026-10-01,kma,568,37.96,127.31,142.00,13.71,21.30,6.20,64.44,1.35,0.00,
2026-10-01,kma,569,37.58,127.16,27.15,17.68,23.10,13.10,37.26,1.43,0.00,
2026-10-01,kma,570,37.62,126.64,33.72,16.73,22.00,11.10,42.96,1.40,0.00,
2026-10-01,kma,571,37.20,126.82,45.39,18.06,22.70,14.30,38.02,1.57,0.00,
2026-10-01,kma,572,37.42,127.12,28.65,18.22,21.80,14.60,38.70,1.09,0.00,
2026-10-01,kma,573,37.56,127.71,120.49,15.22,22.40,6.70,60.93,1.45,0.00,
2026-10-01,kma,574,37.37,127.59,36.85,16.81,22.80,8.00,43.61,2.43,0.00,
2026-10-01,kma,575,37.11,127.19,51.18,17.15,23.20,9.80,43.89,2.18,0.00,
2026-10-01,kma,576,37.13,127.37,111.46,14.73,22.40,12.10,37.85,1.64,0.00,
2026-10-01,kma,577,37.53,126.34,9.00,18.41,22.10,14.80,45.07,3.31,0.00,
2026-10-01,kma,578,36.30,126.27,8.09,19.19,20.60,18.00,50.64,6.65,0.00,
2026-10-01,kma,579,37.37,128.91,607.24,15.15,20.20,6.10,67.14,1.92,0.00,
2026-10-01,kma,580,37.61,129.03,58.41,18.25,22.60,12.90,59.38,2.78,0.00,
2026-10-01,kma,581,37.12,128.77,422.10,15.23,21.40,7.00,72.85,1.36,0.00,
2026-10-01,kma,582,37.23,128.08,328.01,14.45,20.80,5.20,60.82,2.00,0.00,
2026-10-01,kma,583,37.46,128.16,534.72,12.92,19.40,4.20,67.47,1.58,0.00,
2026-10-01,kma,585,37.96,128.07,235.78,15.47,21.90,7.70,52.26,0.45,0.00,
2026-10-01,kma,586,38.03,127.88,225.91,13.60,20.50,5.60,61.84,1.87,0.00,
2026-10-01,kma,587,38.23,127.95,304.81,13.67,21.50,4.90,61.29,1.33,0.00,
2026-10-01,kma,588,37.79,127.64,108.94,15.36,22.10,6.80,60.59,1.41,0.00,
2026-10-01,kma,589,37.70,126.79,59.07,15.99,22.00,9.50,48.51,1.36,0.00,
2026-10-01,kma,590,37.44,127.00,46.60,17.45,22.30,11.40,42.91,1.62,0.00,
2026-10-01,kma,591,37.42,128.05,267.66,15.22,21.70,8.30,59.17,1.69,0.00,
2026-10-01,kma,592,37.23,127.75,52.70,15.97,22.40,6.70,55.55,1.55,0.00,
2026-10-01,kma,593,38.01,128.54,128.31,,,,,,0.00,
2026-10-01,kma,594,38.25,128.21,316.00,14.38,21.70,6.60,52.42,1.34,0.00,
2026-10-01,kma,595,38.26,128.37,586.53,14.10,19.70,6.90,48.90,2.51,0.00,
2026-10-01,kma,596,38.08,128.49,240.99,17.45,22.20,11.60,43.94,2.24,0.00,
2026-10-01,kma,597,37.55,128.44,561.85,13.40,19.50,4.50,64.69,2.08,0.00,
2026-10-01,kma,598,37.83,126.99,87.76,16.17,23.00,9.70,45.91,1.91,0.00,
2026-10-01,kma,599,37.76,127.17,105.82,15.42,23.00,7.70,52.46,1.43,0.00,
2026-10-01,kma,600,36.97,127.59,131.87,16.47,21.80,9.00,51.15,1.94,0.00,
2026-10-01,kma,601,37.00,128.35,147.07,16.32,21.60,7.90,59.64,1.50,0.00,
2026-10-01,kma,602,36.86,127.46,68.00,16.39,22.00,9.70,59.90,2.44,0.00,
2026-10-01,kma,603,36.82,127.78,120.20,16.44,22.30,8.10,52.69,1.58,0.00,
2026-10-01,kma,604,36.30,127.60,118.05,17.26,22.20,9.50,51.96,1.16,0.00,
2026-10-01,kma,605,36.16,127.75,143.00,16.46,22.70,7.10,57.57,1.40,0.00,
2026-10-01,kma,606,37.01,126.39,23.22,18.81,21.40,17.20,41.01,3.70,0.00,
2026-10-01,kma,607,36.67,126.14,6.71,19.38,22.70,16.60,40.58,3.41,0.00,
2026-10-01,kma,609,36.34,126.36,39.65,18.40,21.90,16.40,47.40,3.48,0.00,
2026-10-01,kma,610,36.52,126.44,16.88,19.18,21.50,16.90,45.57,7.12,0.00,
2026-10-01,kma,611,36.57,127.28,51.00,16.52,22.80,9.70,58.62,1.96,0.00,
2026-10-01,kma,612,36.48,127.14,24.00,17.10,22.30,10.50,53.65,1.30,0.00,
2026-10-01,kma,614,36.06,126.70,9.59,17.11,22.70,9.10,58.83,1.38,0.00,
2026-10-01,kma,615,36.21,127.11,8.15,17.14,22.40,10.00,57.83,1.95,0.00,
2026-10-01,kma,616,36.89,126.62,52.40,17.70,21.60,13.10,45.45,2.20,0.00,
2026-10-01,kma,617,36.89,127.15,27.00,16.45,22.40,8.20,40.55,1.87,0.00,
2026-10-01,kma,618,36.42,126.78,98.75,16.19,22.20,8.90,57.25,1.47,0.00,
2026-10-01,kma,619,36.92,127.70,133.44,16.24,22.00,7.90,54.83,2.90,0.00,
2026-10-01,kma,620,37.07,127.90,65.43,15.93,22.40,6.80,58.20,2.50,0.00,
2026-10-01,kma,621,36.97,128.21,147.63,16.41,23.00,8.50,56.84,1.69,0.00,
2026-10-01,kma,622,36.84,128.01,228.09,15.27,21.60,6.70,59.03,1.49,0.00,
2026-10-01,kma,623,36.80,127.56,74.72,17.84,22.40,10.20,42.55,1.67,0.00,
2026-10-01,kma,624,36.62,127.66,224.25,15.15,21.40,7.20,60.95,1.20,0.00,
2026-10-01,kma,625,36.52,127.82,324.02,15.20,20.80,7.60,61.37,1.49,0.00,
2026-10-01,kma,626,36.35,127.82,120.57,16.13,22.20,7.00,63.66,1.45,0.00,
2026-10-01,kma,627,36.75,126.33,14.94,18.11,21.30,12.90,41.95,3.44,0.00,
2026-10-01,kma,628,36.74,126.82,29.22,17.27,21.70,11.00,48.12,2.49,0.00,
2026-10-01,kma,629,36.69,127.20,84.56,16.75,22.70,8.70,50.86,1.64,0.00,
2026-10-01,kma,630,37.05,127.80,109.14,16.15,22.20,7.90,58.33,1.90,0.00,
2026-10-01,kma,631,37.35,126.62,9.74,18.74,22.20,14.80,41.55,3.35,0.00,
2026-10-01,kma,632,36.54,126.95,57.67,16.22,21.30,8.90,57.23,1.90,0.50,
2026-10-01,kma,633,36.55,127.09,75.76,15.89,22.00,8.30,57.75,1.76,0.00,
2026-10-01,kma,634,36.85,126.87,29.50,17.99,22.00,12.50,41.75,3.36,0.00,
2026-10-01,kma,635,36.13,126.86,10.73,16.04,23.40,8.90,66.30,1.06,0.00,
2026-10-01,kma,636,36.31,127.24,132.00,15.51,21.80,6.50,62.62,1.27,0.00,
2026-10-01,kma,637,36.88,126.82,9.01,17.73,21.30,12.80,47.17,3.14,0.00,
2026-10-01,kma,638,37.08,128.49,243.00,16.16,21.40,7.40,59.82,2.44,0.00,
2026-10-01,kma,639,36.90,128.15,282.85,15.17,21.20,7.20,56.05,1.30,0.00,
2026-10-01,kma,640,36.67,127.87,226.00,15.08,21.30,6.50,59.21,1.97,0.00,
2026-10-01,kma,641,36.55,127.52,79.12,16.43,22.60,9.10,59.44,2.50,0.00,
2026-10-01,kma,642,36.29,127.40,148.61,17.02,23.10,9.90,50.63,1.53,0.00,
2026-10-01,kma,643,36.34,127.49,91.34,16.52,22.20,8.80,57.42,1.14,0.00,
2026-10-01,kma,644,36.14,127.09,24.50,17.05,22.50,9.30,58.30,1.65,0.00,
2026-10-01,kma,645,36.58,126.51,16.90,16.74,22.20,9.60,56.08,1.30,0.00,
2026-10-01,kma,646,36.17,126.53,7.74,18.35,21.40,11.10,52.17,4.49,0.00,
2026-10-01,kma,647,36.12,127.69,118.40,16.15,22.70,6.80,64.72,1.36,0.00,
2026-10-01,kma,648,36.41,127.44,99.90,16.55,22.20,9.10,58.32,1.07,0.00,
2026-10-01,kma,649,37.47,126.75,25.91,18.25,23.00,14.70,37.33,2.04,0.00,
2026-10-01,kma,650,38.25,127.27,187.00,13.85,22.00,5.20,62.83,2.24,0.00,
2026-10-01,kma,651,38.28,127.21,216.03,14.08,21.90,6.30,56.40,2.30,0.00,
2026-10-01,kma,652,37.99,127.07,38.29,15.02,22.10,8.40,57.40,1.28,0.00,
2026-10-01,kma,654,37.25,126.31,10.46,18.90,22.40,16.70,36.54,1.95,0.00,
2026-10-01,kma,655,37.76,124.73,83.00,17.78,20.40,16.20,38.43,3.58,0.00,
2026-10-01,kma,656,37.69,126.19,49.15,17.51,22.90,15.10,42.50,3.74,0.00,
2026-10-01,kma,657,36.32,126.50,31.65,19.18,21.80,17.30,48.82,7.72,0.00,
2026-10-01,kma,658,36.77,126.12,10.00,19.26,20.70,18.10,41.62,5.24,0.00,
2026-10-01,kma,659,36.34,127.21,831.70,12.30,16.90,9.80,57.39,3.91,0.00,
2026-10-01,kma,660,37.56,128.38,533.47,13.40,18.70,4.00,63.32,2.08,0.00,
2026-10-01,kma,661,38.54,128.40,5.00,17.20,21.90,10.40,43.08,2.43,0.00,
2026-10-01,kma,662,37.17,126.30,10.19,18.61,20.70,17.30,43.46,5.75,0.00,
2026-10-01,kma,663,36.93,125.79,62.53,19.18,21.70,17.80,49.27,8.16,0.00,
2026-10-01,kma,664,37.22,126.46,17.72,18.94,21.30,16.70,38.72,4.20,0.00,
2026-10-01,kma,665,37.39,126.43,28.32,17.97,21.20,15.00,40.91,2.71,0.00,
2026-10-01,kma,666,36.96,126.17,32.47,18.68,21.70,17.60,48.08,7.81,0.00,
2026-10-01,kma,667,36.65,126.01,58.00,18.68,19.60,17.80,49.01,8.88,0.00,
2026-10-01,kma,669,36.23,126.08,17.86,19.28,20.80,18.10,49.09,4.21,0.00,
2026-10-01,kma,670,38.09,128.63,7.00,19.16,23.00,14.10,40.66,2.62,0.00,
2026-10-01,kma,671,38.19,128.58,4.00,19.35,23.30,15.40,42.54,2.23,0.00,
2026-10-01,kma,672,35.44,126.49,10.42,18.99,23.30,12.00,56.18,2.00,0.00,
2026-10-01,kma,673,35.28,128.72,20.64,18.73,25.90,10.90,72.15,1.39,0.00,
2026-10-01,kma,674,37.22,128.82,822.28,14.94,19.60,7.80,59.75,2.57,0.00,
2026-10-01,kma,675,37.79,127.53,52.21,15.46,21.80,8.50,60.50,1.00,0.00,
2026-10-01,kma,676,36.99,127.43,143.77,17.55,23.10,11.30,39.69,2.03,0.00,
2026-10-01,kma,677,37.52,129.02,120.04,17.03,22.50,8.80,73.74,1.26,0.00,
2026-10-01,kma,678,37.72,128.78,455.97,15.89,21.10,9.30,63.79,1.14,0.00,
2026-10-01,kma,679,37.61,128.77,686.60,15.13,20.00,5.60,56.39,2.19,0.00,
2026-10-01,kma,680,38.21,127.84,230.65,,,,,,0.00,
2026-10-01,kma,681,38.05,127.79,200.50,0.00,,,,1.52,0.00,
2026-10-01,kma,682,38.28,127.86,1062.00,,,,,,0.00,
2026-10-01,kma,687,35.13,127.25,61.93,18.50,24.40,11.20,68.40,1.51,0.00,
2026-10-01,kma,688,35.27,126.94,31.02,18.10,23.10,10.70,63.28,2.45,0.00,
2026-10-01,kma,689,35.10,126.90,73.11,,19.90,16.90,,,0.00,
2026-10-01,kma,690,35.34,127.14,98.47,17.23,22.50,9.20,65.22,1.34,0.00,
2026-10-01,kma,692,38.04,126.92,33.24,13.52,22.00,6.50,70.64,1.05,0.00,
2026-10-01,kma,694,36.70,126.61,677.32,12.58,16.60,10.60,59.30,6.93,0.00,
2026-10-01,kma,695,38.12,127.43,1050.39,8.28,14.40,4.40,70.14,4.61,0.00,
2026-10-01,kma,696,37.35,129.09,82.78,17.53,22.00,10.90,64.32,1.88,0.00,
2026-10-01,kma,697,34.25,125.92,5.89,20.85,22.40,19.40,60.84,3.34,0.00,
2026-10-01,kma,698,35.09,126.29,25.17,20.02,22.00,18.30,54.43,4.33,0.00,
2026-10-01,kma,699,34.98,126.46,37.85,18.86,22.90,14.40,60.78,3.41,0.00,
2026-10-01,kma,700,36.13,125.97,58.68,18.96,20.20,18.30,55.90,7.60,0.00,
2026-10-01,kma,701,36.00,127.67,212.00,16.22,21.40,8.00,59.18,1.75,0.00,
2026-10-01,kma,702,35.94,126.99,11.00,18.04,22.80,9.90,58.33,2.65,0.00,
2026-10-01,kma,703,35.76,127.44,354.27,15.53,22.00,6.70,68.20,1.49,0.00,
2026-10-01,kma,704,35.62,126.48,1.94,19.26,22.60,14.90,52.18,3.85,0.00,
2026-10-01,kma,706,35.31,126.97,44.67,18.33,23.30,10.60,63.36,2.41,0.00,
2026-10-01,kma,707,35.06,126.21,34.31,20.02,21.90,18.40,55.11,2.35,0.00,
2026-10-01,kma,708,35.13,126.75,29.91,18.79,23.50,13.80,58.95,2.78,0.00,
2026-10-01,kma,709,35.21,127.49,27.00,18.30,23.90,10.30,68.05,3.15,0.00,
2026-10-01,kma,710,35.03,126.74,7.82,17.65,22.80,10.30,67.51,2.43,0.00,
2026-10-01,kma,711,34.90,126.99,77.34,18.07,23.90,9.50,65.92,2.10,0.00,
2026-10-01,kma,712,34.90,127.52,4.09,20.36,25.10,15.10,65.09,2.77,0.00,
2026-10-01,kma,713,34.98,127.58,15.56,20.70,26.80,14.00,61.99,1.72,0.00,
2026-10-01,kma,714,34.88,126.03,1.96,20.07,22.10,18.40,60.00,5.62,0.00,
2026-10-01,kma,716,34.63,126.03,2.58,20.46,22.40,18.40,58.26,6.33,0.00,
2026-10-01,kma,717,34.43,126.31,11.70,19.54,23.00,16.40,59.65,2.52,0.00,
2026-10-01,kma,718,34.33,126.04,6.42,20.71,23.10,18.60,61.12,2.82,0.00,
2026-10-01,kma,719,35.81,126.40,11.45,19.74,21.70,18.40,48.48,3.72,0.00,
2026-10-01,kma,720,34.16,126.56,14.93,20.24,22.70,17.70,63.49,2.27,0.00,
2026-10-01,kma,721,34.34,127.03,4.17,21.54,23.90,19.00,59.70,5.74,0.00,
2026-10-01,kma,722,35.14,126.93,110.87,19.28,23.90,15.70,55.69,1.71,0.00,
2026-10-01,kma,723,34.03,127.31,6.70,22.97,23.90,21.40,62.47,5.89,0.00,
2026-10-01,kma,724,33.96,126.30,8.10,20.88,22.90,18.90,70.13,1.80,0.00,
2026-10-01,kma,725,33.52,126.95,9.23,21.94,24.00,19.90,74.00,8.21,0.00,
2026-10-01,kma,726,33.12,126.27,11.58,22.35,25.00,19.80,76.83,10.42,0.00,
2026-10-01,kma,727,33.41,126.39,425.21,18.36,24.00,14.40,82.50,2.25,0.00,
2026-10-01,kma,730,35.28,126.76,43.95,18.37,24.00,11.40,59.62,1.95,0.00,
2026-10-01,kma,731,34.82,126.69,4.58,18.17,23.80,11.00,69.67,1.74,0.00,
2026-10-01,kma,732,34.76,127.09,145.53,17.96,23.10,10.40,62.67,1.83,0.00,
2026-10-01,kma,733,36.05,126.89,49.12,17.65,22.50,13.00,54.94,1.34,0.00,
2026-10-01,kma,734,35.99,127.25,64.36,16.86,23.00,9.60,63.54,1.00,0.00,
2026-10-01,kma,735,35.89,127.77,660.36,14.24,18.50,6.90,63.02,0.72,0.00,
2026-10-01,kma,736,35.85,126.78,2.16,17.95,23.90,11.80,59.57,2.74,0.00,
2026-10-01,kma,737,35.81,126.88,54.61,18.25,22.50,14.50,60.55,2.72,0.00,
2026-10-01,kma,738,35.58,126.67,16.00,19.79,24.40,12.50,42.63,2.28,0.00,
2026-10-01,kma,739,35.52,126.55,12.57,19.42,25.10,12.20,54.88,3.37,0.00,
2026-10-01,kma,741,35.06,126.99,94.82,18.34,22.90,11.10,62.07,2.89,0.00,
2026-10-01,kma,742,34.94,126.33,12.00,20.05,22.50,15.90,57.45,4.30,0.00,
2026-10-01,kma,743,34.77,125.95,7.32,20.66,22.30,19.30,66.04,5.58,0.00,
2026-10-01,kma,744,34.67,126.44,5.59,19.83,23.70,16.00,60.21,3.08,0.00,
2026-10-01,kma,745,34.69,126.73,49.00,19.38,23.40,15.50,69.05,2.63,0.00,
2026-10-01,kma,746,34.38,126.52,8.02,19.90,23.70,17.10,67.60,3.31,0.00,
2026-10-01,kma,747,34.18,126.86,28.33,20.19,23.70,17.20,72.15,1.18,0.00,
2026-10-01,kma,748,34.84,127.36,1.60,20.36,25.50,14.80,61.33,2.99,0.00,
2026-10-01,kma,749,34.53,127.13,24.96,20.61,23.80,16.60,56.60,2.95,0.00,
2026-10-01,kma,750,34.63,127.64,23.00,21.72,25.40,17.60,56.79,2.18,0.00,
2026-10-01,kma,751,33.48,126.69,248.00,19.34,24.10,15.90,79.13,3.29,0.00,
2026-10-01,kma,752,33.30,126.31,188.42,20.35,26.00,16.50,73.20,4.03,0.00,
2026-10-01,kma,753,33.39,126.50,967.83,14.03,21.00,8.10,87.77,0.99,0.00,
2026-10-01,kma,754,35.06,126.53,10.42,18.53,23.10,11.90,64.29,2.73,0.00,
2026-10-01,kma,755,35.16,127.09,187.32,16.21,23.30,7.60,72.20,1.76,0.00,
2026-10-01,kma,756,35.60,126.28,6.49,19.93,21.70,18.70,57.07,4.25,0.00,
2026-10-01,kma,757,35.97,127.44,269.51,14.58,20.90,5.00,65.70,1.71,0.00,
2026-10-01,kma,758,35.84,127.57,320.61,15.04,22.20,5.50,67.36,1.32,0.00,
2026-10-01,kma,759,35.37,127.58,478.65,15.34,21.70,6.90,72.27,1.29,0.00,
2026-10-01,kma,760,35.43,126.93,286.11,15.52,20.60,7.80,66.65,2.63,0.00,
2026-10-01,kma,761,35.65,126.93,15.03,17.28,22.90,9.70,63.19,1.81,0.00,
2026-10-01,kma,762,35.55,127.19,146.50,16.23,22.50,8.00,65.70,1.70,0.00,
2026-10-01,kma,763,36.06,127.06,38.00,17.30,22.40,10.40,56.62,1.04,0.00,
2026-10-01,kma,764,35.67,127.14,211.79,15.09,21.40,6.60,67.92,2.36,0.00,
2026-10-01,kma,765,34.89,127.13,109.90,17.66,23.90,9.90,70.20,1.73,0.00,
2026-10-01,kma,766,34.85,127.71,78.86,21.36,26.30,17.20,54.32,4.87,0.00,
2026-10-01,kma,767,34.59,127.40,3.72,20.19,25.10,14.90,71.92,2.36,0.00,
2026-10-01,kma,768,35.29,127.29,100.48,17.88,24.20,9.70,67.69,1.17,0.00,
2026-10-01,kma,769,35.20,126.38,5.40,19.17,22.60,13.90,61.86,3.91,0.00,
2026-10-01,kma,770,34.93,126.82,99.00,18.21,23.80,10.20,69.06,1.84,0.00,
2026-10-01,kma,771,34.73,126.14,3.36,19.43,22.50,16.10,61.23,6.18,0.00,
2026-10-01,kma,772,34.53,126.24,1.35,20.50,22.20,18.40,65.86,8.45,0.00,
2026-10-01,kma,773,34.71,126.64,72.11,18.66,23.60,12.50,64.62,2.55,0.00,
2026-10-01,kma,774,34.82,126.47,11.17,18.92,24.30,12.90,60.91,1.75,0.00,
2026-10-01,kma,775,35.18,126.64,39.42,18.21,22.70,12.70,61.28,3.02,0.00,
2026-10-01,kma,776,34.46,126.56,17.00,19.03,23.50,16.20,62.18,4.42,0.00,
2026-10-01,kma,777,34.56,126.93,37.10,19.64,23.80,13.30,46.42,1.84,0.00,
2026-10-01,kma,778,34.80,126.82,96.16,17.22,23.50,9.50,70.04,1.21,0.00,
2026-10-01,kma,779,33.39,126.26,38.79,21.49,24.50,18.90,71.28,3.70,0.00,
2026-10-01,kma,780,33.28,126.70,25.86,23.35,28.00,19.70,66.40,3.89,0.00,
2026-10-01,kma,781,33.52,126.88,17.18,21.93,24.90,19.60,67.93,4.85,0.00,
2026-10-01,kma,782,33.39,126.62,760.47,16.48,22.40,12.10,78.92,3.50,0.00,
2026-10-01,kma,783,35.23,126.84,30.59,18.95,24.20,12.90,58.52,0.92,0.00,
2026-10-01,kma,784,34.88,126.61,22.08,18.55,23.40,12.40,68.48,3.26,0.00,
2026-10-01,kma,785,34.46,126.68,13.04,20.13,24.10,16.70,57.01,2.94,0.00,
2026-10-01,kma,786,34.64,127.77,17.00,21.12,24.50,15.20,60.52,3.62,0.00,
2026-10-01,kma,787,34.51,127.32,12.30,20.99,26.10,16.90,55.77,2.62,0.00,
2026-10-01,kma,788,35.13,126.88,64.98,19.42,24.50,15.30,51.59,1.70,0.00,
2026-10-01,kma,789,34.88,126.29,8.91,19.78,22.70,16.30,62.51,4.51,0.00,
2026-10-01,kma,790,34.53,127.47,135.19,19.84,24.40,16.10,65.85,2.13,0.00,
2026-10-01,kma,791,35.27,127.58,410.15,15.61,22.70,8.30,82.84,0.80,0.00,
2026-10-01,kma,792,33.36,126.82,89.00,20.82,25.30,17.10,70.39,4.24,0.00,
2026-10-01,kma,793,33.24,126.23,2.64,21.73,26.10,18.30,68.20,3.83,0.00,
2026-10-01,kma,794,35.10,127.43,75.99,17.65,24.70,9.10,72.36,1.75,0.00,
2026-10-01,kma,795,35.28,127.14,86.65,17.63,23.40,10.10,67.14,1.78,0.00,
2026-10-01,kma,796,34.24,127.24,37.52,22.05,23.90,19.00,61.06,2.77,0.00,
2026-10-01,kma,797,34.39,125.30,35.63,20.35,22.50,19.10,66.47,9.20,0.00,
2026-10-01,kma,798,34.69,125.19,23.21,20.32,22.40,19.20,64.33,11.61,0.00,
2026-10-01,kma,799,35.20,126.13,19.46,20.20,22.10,18.40,56.54,2.42,0.00,
2026-10-01,kma,800,36.73,129.44,6.43,17.81,22.80,9.70,72.96,2.20,0.00,
2026-10-01,kma,801,36.62,129.09,214.21,16.25,23.00,6.40,76.85,1.55,0.00,
2026-10-01,kma,802,36.76,129.34,142.31,17.07,22.10,8.50,71.53,1.75,0.00,
2026-10-01,kma,803,36.41,128.80,185.00,16.03,23.40,6.80,65.39,1.10,0.00,
2026-10-01,kma,804,36.19,129.34,37.23,18.36,23.40,9.90,70.69,2.55,0.00,
2026-10-01,kma,805,36.18,129.09,227.04,16.03,23.20,6.10,74.35,1.56,0.00,
2026-10-01,kma,806,36.23,128.29,41.05,18.02,23.20,11.10,55.54,2.75,0.00,
2026-10-01,kma,807,36.18,128.69,114.26,16.10,22.70,6.60,74.12,1.27,0.00,
2026-10-01,kma,808,36.08,129.57,11.41,20.90,22.80,17.40,70.12,3.51,0.00,
2026-10-01,kma,809,35.94,127.98,205.10,16.64,23.30,7.10,65.20,1.70,0.00,
2026-10-01,kma,810,35.93,128.30,39.43,18.48,23.40,11.50,59.65,1.88,0.00,
2026-10-01,kma,811,35.86,129.21,32.36,19.74,26.30,12.40,61.65,1.77,0.00,
2026-10-01,kma,812,35.70,128.28,41.19,18.03,25.60,9.20,70.77,1.03,0.00,
2026-10-01,kma,813,35.65,128.73,77.53,17.62,25.30,8.60,73.07,1.51,0.00,
2026-10-01,kma,814,36.98,128.66,302.79,16.29,22.20,7.60,60.27,2.05,0.00,
2026-10-01,kma,815,36.66,128.46,102.13,17.36,23.60,9.90,60.55,1.33,0.00,
2026-10-01,kma,816,35.98,129.55,42.37,19.18,22.60,12.40,70.51,2.50,0.00,
2026-10-01,kma,817,36.78,129.22,381.39,15.56,22.40,5.50,76.82,2.02,0.00,
2026-10-01,kma,818,36.71,128.15,217.28,16.77,21.50,9.80,53.60,2.46,0.00,
2026-10-01,kma,819,36.66,128.89,203.21,15.96,23.70,6.20,73.55,1.09,0.00,
2026-10-01,kma,820,36.55,128.53,75.76,17.18,23.40,10.50,64.36,1.57,0.00,
2026-10-01,kma,821,36.28,128.07,91.11,16.48,22.70,7.70,63.02,1.62,0.00,
2026-10-01,kma,822,36.12,128.16,79.24,18.15,23.40,9.40,55.80,2.42,0.00,
2026-10-01,kma,823,36.25,128.56,81.56,16.94,23.40,8.80,70.66,1.33,0.00,
2026-10-01,kma,824,36.10,128.50,114.95,18.17,23.00,10.00,58.29,2.16,0.00,
2026-10-01,kma,825,36.04,128.38,29.79,,24.30,12.40,,,0.00,
2026-10-01,kma,826,36.05,128.79,130.98,19.53,24.30,14.60,52.92,2.00,0.00,
2026-10-01,kma,827,35.82,128.74,61.21,20.50,25.10,13.70,50.18,1.74,0.00,
2026-10-01,kma,828,35.69,128.42,24.93,20.17,25.30,13.50,57.60,2.08,0.00,
2026-10-01,kma,829,35.71,129.32,72.92,18.57,26.20,10.30,72.47,2.20,0.00,
2026-10-01,kma,830,36.07,129.20,45.06,17.46,25.60,8.00,73.47,1.38,0.00,
2026-10-01,kma,831,37.04,129.00,663.05,13.57,21.00,4.90,78.08,0.68,0.00,
2026-10-01,kma,832,36.39,128.43,67.00,17.85,23.20,12.20,61.65,1.18,0.00,
2026-10-01,kma,833,36.54,128.04,174.74,17.41,22.80,11.20,53.87,2.44,0.00,
2026-10-01,kma,834,36.44,127.94,284.66,15.68,21.40,7.80,58.85,2.22,0.00,
2026-10-01,kma,835,36.89,128.72,185.00,16.29,24.00,7.30,67.76,1.12,0.00,
2026-10-01,kma,836,36.28,128.90,316.40,15.84,20.90,6.80,67.13,1.70,0.00,
2026-10-01,kma,837,36.83,128.64,187.18,16.71,23.20,7.50,64.06,0.70,0.00,
2026-10-01,kma,838,36.79,128.27,451.67,15.67,20.70,9.90,52.04,2.95,0.00,
2026-10-01,kma,839,36.46,128.90,129.33,18.22,24.70,8.70,62.40,1.57,0.00,
2026-10-01,kma,840,35.91,128.81,71.00,19.46,26.10,11.60,58.11,1.44,0.00,
2026-10-01,kma,841,36.08,128.91,138.88,17.68,25.70,8.70,65.81,1.70,0.00,
2026-10-01,kma,842,35.76,129.01,170.66,16.50,24.50,7.30,76.30,1.34,0.00,
2026-10-01,kma,843,36.94,129.25,219.97,16.71,20.90,9.10,70.11,1.72,0.00,
2026-10-01,kma,844,36.44,129.36,22.38,17.62,24.20,9.20,76.68,1.55,0.00,
2026-10-01,kma,845,35.91,128.59,30.18,19.87,25.00,12.70,52.43,1.36,0.00,
2026-10-01,kma,846,35.87,128.53,76.37,19.94,24.30,14.50,49.28,2.24,0.00,
2026-10-01,kma,847,36.28,128.47,70.41,16.59,23.10,8.00,66.08,1.36,0.00,
2026-10-01,kma,848,35.68,128.90,104.40,17.74,25.80,9.40,68.70,1.23,0.00,
2026-10-01,kma,849,36.55,128.39,85.04,16.78,23.80,9.00,67.23,1.46,0.00,
2026-10-01,kma,850,35.78,129.49,6.67,18.94,23.20,11.20,82.14,3.23,0.00,
2026-10-01,kma,851,37.05,129.35,79.82,16.01,21.20,7.30,73.57,0.96,0.00,
2026-10-01,kma,852,37.06,129.43,41.00,18.94,22.30,16.00,54.96,4.03,0.00,
2026-10-01,kma,853,36.02,128.62,568.37,15.72,19.50,11.40,54.57,1.56,0.00,
2026-10-01,kma,854,35.50,129.13,166.92,19.51,26.00,13.00,71.87,1.37,0.00,
2026-10-01,kma,855,33.17,126.27,4.25,22.24,24.70,19.60,75.27,8.95,0.00,
2026-10-01,kma,856,35.10,127.60,514.84,17.39,21.90,10.90,61.61,3.02,0.00,
2026-10-01,kma,857,34.30,126.72,8.46,20.03,24.10,16.20,57.16,2.41,0.00,
2026-10-01,kma,858,34.43,126.17,37.07,20.00,22.80,17.50,60.44,3.85,0.00,
2026-10-01,kma,859,35.75,129.37,475.00,17.19,22.60,12.30,68.90,2.28,0.00,
2026-10-01,kma,860,35.89,128.62,58.81,21.03,24.90,16.90,44.30,1.23,0.00,
2026-10-01,kma,861,33.56,126.77,21.00,21.60,24.20,19.10,65.50,4.83,0.00,
2026-10-01,kma,862,33.47,126.78,196.63,19.45,23.40,16.10,74.15,4.02,0.00,
2026-10-01,kma,863,33.48,126.43,52.65,21.45,24.40,17.20,66.94,1.95,0.00,
2026-10-01,kma,864,35.82,127.15,54.51,18.89,23.70,12.10,47.27,1.64,0.00,
2026-10-01,kma,865,33.46,126.52,233.90,18.98,23.90,13.60,76.65,2.07,0.00,
2026-10-01,kma,867,33.38,126.53,1503.33,12.70,16.90,7.20,61.02,1.71,0.00,
2026-10-01,kma,868,33.38,126.50,1397.53,12.95,17.60,7.20,65.28,2.88,0.00,
2026-10-01,kma,869,33.35,126.50,1260.20,15.20,19.10,10.90,54.35,1.92,0.00,
2026-10-01,kma,870,33.37,126.56,1488.56,13.38,17.90,8.40,54.19,2.81,0.00,
2026-10-01,kma,871,33.36,126.52,1675.81,11.92,16.90,8.40,47.86,2.36,0.00,
2026-10-01,kma,872,35.32,127.76,869.44,14.37,19.00,9.40,73.14,1.52,0.00,
2026-10-01,kma,874,38.14,127.22,163.22,13.80,22.00,6.00,59.03,1.42,0.00,
2026-10-01,kma,876,37.45,129.16,57.07,19.15,23.70,15.00,50.83,1.71,0.00,
2026-10-01,kma,877,37.31,127.80,59.23,16.33,23.00,8.10,55.41,2.05,0.00,
2026-10-01,kma,878,37.22,129.10,817.04,15.34,20.00,10.70,63.90,1.70,0.00,
2026-10-01,kma,881,35.73,126.53,10.49,19.89,22.10,16.50,50.89,5.54,0.00,
2026-10-01,kma,882,35.25,126.61,120.67,18.40,21.80,15.50,51.16,3.39,0.00,
2026-10-01,kma,883,33.36,126.36,435.00,18.28,25.10,14.20,79.98,5.23,0.00,
2026-10-01,kma,885,33.33,126.68,244.29,21.26,27.30,17.30,69.01,4.19,0.00,
2026-10-01,kma,886,35.95,126.59,5.79,19.31,22.20,15.00,47.93,2.62,0.00,
2026-10-01,kma,888,36.46,127.49,96.80,17.78,21.90,12.90,55.20,1.99,0.00,
2026-10-01,kma,889,37.50,126.98,16.23,18.28,22.60,12.70,42.08,1.78,0.00,
2026-10-01,kma,890,33.39,126.73,275.20,19.45,25.10,15.40,81.94,4.75,0.00,
2026-10-01,kma,892,33.45,126.85,102.47,20.72,24.50,17.40,73.55,4.74,0.00,
2026-10-01,kma,893,33.47,126.33,5.24,22.08,24.10,19.90,67.62,3.12,0.00,
2026-10-01,kma,898,35.50,129.39,1.57,22.01,25.10,18.30,63.67,1.89,0.00,
2026-10-01,kma,899,35.22,128.58,33.30,21.30,26.60,17.40,54.90,2.74,0.00,
2026-10-01,kma,90,38.25,128.56,17.53,19.23,22.80,15.80,34.98,2.22,0.00,
2026-10-01,kma,900,35.62,129.14,117.49,18.69,25.80,10.50,69.66,1.78,0.00,
2026-10-01,kma,901,35.49,129.44,67.64,20.63,23.60,17.40,62.72,2.35,0.00,
2026-10-01,kma,902,35.24,127.82,137.13,17.65,25.50,9.30,74.56,2.17,0.00,
2026-10-01,kma,903,35.40,128.51,14.86,19.02,26.70,10.50,68.60,1.78,0.00,
2026-10-01,kma,904,35.17,128.98,0.73,20.44,26.50,14.20,76.42,1.00,0.00,
2026-10-01,kma,905,35.44,129.04,83.57,18.75,26.20,10.30,70.45,1.28,0.00,
2026-10-01,kma,906,35.23,127.64,89.59,17.66,25.10,9.70,78.50,0.78,0.00,
2026-10-01,kma,907,34.93,128.06,29.46,21.05,25.60,17.40,66.69,2.23,0.00,
2026-10-01,kma,908,35.11,128.75,11.74,19.34,26.00,11.40,75.67,1.04,0.00,
2026-10-01,kma,909,34.79,128.74,109.74,21.96,24.50,18.70,69.02,1.29,0.00,
2026-10-01,kma,910,35.07,129.07,138.96,20.54,25.70,17.20,77.49,1.52,0.00,
2026-10-01,kma,911,34.65,128.58,69.02,22.49,25.80,19.60,79.55,2.67,0.00,
2026-10-01,kma,912,35.53,127.78,140.33,17.91,24.90,8.40,70.08,1.70,0.00,
2026-10-01,kma,913,34.72,127.98,19.65,21.10,25.70,15.50,70.30,1.93,0.00,
2026-10-01,kma,914,35.64,127.72,353.86,16.62,22.70,9.10,61.66,1.43,0.00,
2026-10-01,kma,915,35.41,128.10,85.28,17.93,25.70,8.80,76.87,2.03,0.00,
2026-10-01,kma,916,35.31,127.97,55.00,19.55,25.20,11.90,61.81,2.20,0.00,
2026-10-01,kma,917,35.04,128.07,25.79,20.27,26.60,16.70,69.32,1.30,0.00,
2026-10-01,kma,918,34.99,128.33,7.03,19.16,25.80,13.30,80.22,1.60,0.00,
2026-10-01,kma,919,35.55,128.48,30.00,19.12,25.10,11.70,62.95,1.87,0.00,
2026-10-01,kma,92,38.06,128.66,75.40,18.86,22.10,15.60,40.50,3.86,0.00,
2026-10-01,kma,920,35.30,128.40,8.39,17.80,25.40,9.40,76.70,1.38,0.00,
2026-10-01,kma,921,34.99,128.83,75.63,21.50,25.30,17.30,75.69,2.66,0.00,
2026-10-01,kma,922,35.49,128.93,138.03,17.11,25.60,9.00,73.64,0.55,0.00,
2026-10-01,kma,923,35.28,129.25,65.99,20.39,24.80,16.30,79.45,1.48,0.00,
2026-10-01,kma,924,35.36,129.36,22.23,21.36,23.80,18.10,68.97,3.29,0.00,
2026-10-01,kma,925,35.37,128.82,8.68,19.32,26.00,12.00,70.48,1.57,0.00,
2026-10-01,kma,926,35.13,128.47,13.33,19.62,25.10,14.50,69.34,1.72,0.00,
2026-10-01,kma,927,35.58,128.88,126.74,17.95,26.70,9.00,67.73,1.30,0.00,
2026-10-01,kma,929,35.11,128.31,129.52,18.06,24.70,12.80,76.41,1.51,0.00,
2026-10-01,kma,93,37.95,127.75,95.78,16.12,22.20,8.80,49.72,1.63,0.00,
2026-10-01,kma,930,34.81,128.24,3.83,21.08,25.30,17.70,78.84,1.39,0.00,
2026-10-01,kma,931,34.62,128.27,73.75,22.25,26.30,19.30,75.85,2.27,0.00,
2026-10-01,kma,932,35.06,127.77,4.47,19.68,26.70,12.40,76.67,1.10,0.00,
2026-10-01,kma,933,35.00,127.83,32.22,18.15,26.10,10.40,86.10,0.58,0.00,
2026-10-01,kma,934,35.22,127.93,82.80,17.70,25.80,8.90,78.30,0.93,0.00,
2026-10-01,kma,935,35.57,128.34,23.63,18.32,25.30,10.30,60.40,1.62,0.00,
2026-10-01,kma,936,35.33,128.20,61.21,18.36,25.90,10.20,87.69,1.38,0.00,
2026-10-01,kma,937,35.18,129.16,81.87,20.40,24.40,15.50,83.22,1.17,0.00,
2026-10-01,kma,938,35.16,129.02,114.38,19.89,26.50,13.90,77.33,1.08,0.00,
2026-10-01,kma,939,35.29,129.10,49.26,19.30,26.20,12.40,82.70,0.77,0.00,
2026-10-01,kma,940,35.21,129.09,70.07,20.31,26.30,15.60,73.52,0.73,0.00,
2026-10-01,kma,941,35.21,129.00,6.94,20.80,27.00,14.00,76.78,1.09,0.00,
2026-10-01,kma,942,35.12,129.09,124.26,20.35,26.50,16.00,75.83,1.80,0.00,
2026-10-01,kma,943,35.67,129.38,460.23,17.74,21.20,13.50,74.34,1.50,0.00,
2026-10-01,kma,944,35.39,128.57,10.05,19.42,26.40,11.90,63.61,1.98,0.00,
2026-10-01,kma,945,35.53,127.99,231.31,18.67,24.80,10.80,56.07,2.12,0.00,
2026-10-01,kma,946,35.78,127.82,324.25,15.92,23.80,7.60,65.34,1.24,0.00,
2026-10-01,kma,947,34.72,128.59,30.51,21.72,26.60,18.70,67.22,1.05,0.00,
2026-10-01,kma,948,35.31,127.83,140.43,18.48,26.00,10.00,70.11,1.75,0.00,
2026-10-01,kma,949,35.64,129.44,8.00,20.26,23.90,13.20,65.04,2.23,0.00,
2026-10-01,kma,95,38.15,127.30,155.48,14.76,21.50,7.50,56.09,1.39,0.00,
2026-10-01,kma,950,35.09,128.98,167.95,20.62,26.00,17.30,75.55,2.31,0.00,
2026-10-01,kma,951,35.51,126.91,105.90,16.65,22.40,9.40,65.01,1.60,0.00,
2026-10-01,kma,953,35.00,128.68,30.87,20.88,25.10,16.10,69.10,1.54,0.00,
2026-10-01,kma,954,35.43,129.36,53.92,21.69,24.70,18.50,64.19,3.19,0.00,
2026-10-01,kma,955,37.33,126.39,18.00,18.45,20.60,16.90,43.12,7.59,,
2026-10-01,kma,956,36.77,125.98,16.00,19.13,20.20,18.40,40.87,8.85,,
2026-10-01,kma,957,35.99,126.22,95.00,19.06,20.80,18.40,45.93,6.32,,
2026-10-01,kma,958,35.61,126.25,15.00,19.78,21.90,19.00,50.24,10.22,,
2026-10-01,kma,959,34.26,126.03,12.00,20.78,22.30,19.70,59.08,7.23,,
2026-10-01,kma,96,37.24,131.87,99.08,21.13,23.50,19.30,66.73,2.78,0.00,
2026-10-01,kma,960,33.22,126.65,18.00,24.03,26.80,21.60,67.45,3.48,,
2026-10-01,kma,961,34.28,127.86,27.00,21.91,22.90,19.90,63.35,8.59,,
2026-10-01,kma,963,35.57,129.47,16.00,21.84,23.50,19.10,59.38,4.50,,
2026-10-01,kma,964,34.46,126.82,49.92,19.78,23.30,15.60,56.54,3.03,0.00,
2026-10-01,kma,965,33.35,126.53,1576.00,13.79,18.70,8.90,47.87,2.23,0.00,
2026-10-01,kma,966,37.12,126.39,38.00,18.72,20.20,17.50,31.52,5.78,0.00,
2026-10-01,kma,967,37.12,126.61,70.00,18.53,20.10,16.80,37.83,1.79,0.00,
2026-10-01,kma,970,38.20,127.25,179.45,14.48,21.20,7.70,53.61,2.41,0.00,
2026-10-01,kma,972,36.55,128.68,88.62,17.45,23.50,8.60,64.10,0.99,0.00,
2026-10-01,kma,973,35.02,126.95,39.64,17.41,22.90,10.50,74.18,2.88,0.00,
2026-10-01,kma,974,35.24,128.16,17.52,18.63,26.70,10.40,81.78,1.14,0.00,
2026-10-01,kma,977,36.72,127.47,40.35,17.80,22.50,10.10,53.46,2.40,0.00,
2026-10-01,kma,978,37.95,127.78,164.93,16.03,22.80,8.60,53.42,2.13,0.00,
2026-10-01,kma,98,37.90,127.06,115.62,15.14,22.20,10.60,49.38,0.76,0.00,
2026-10-01,kma,980,33.26,126.49,135.00,21.92,27.60,17.40,77.06,2.15,0.00,
2026-10-01,kma,984,35.09,129.13,35.90,22.55,26.20,19.70,67.77,2.70,,
2026-10-01,kma,989,33.26,126.33,91.20,21.00,27.90,17.40,73.00,4.26,0.00,
2026-10-01,kma,99,37.89,126.77,30.59,15.22,22.00,8.30,52.31,1.19,0.00,
2026-10-01,kma,990,33.32,126.23,77.67,21.08,24.70,18.10,70.65,4.91,0.00,
2026-10-01,kma,991,35.80,128.45,27.50,19.20,24.90,11.70,59.18,1.69,0.00,
2026-10-01,kma,992,35.91,128.45,35.50,18.11,24.60,9.60,64.38,1.52,0.00,
2026-10-01,kma,993,33.34,126.31,279.00,19.22,24.50,15.30,76.23,4.35,0.00,
2026-10-01,kma,994,35.85,126.64,3.00,19.61,22.30,15.40,51.79,5.34,0.00,
2026-10-01,kma,995,35.93,129.38,80.32,18.89,22.30,11.90,71.10,2.04,0.00,
2026-10-01,kma,996,36.37,127.89,360.46,15.79,19.30,11.60,55.18,3.69,0.00,
